,trialNumber,stimulusType,stimulusOnsetTime,rewardTime,rewardVolume,lickTimePostStim,lickTimePostReward,trialOffsets,rewardProb
0,1.0,Gabor90,2.4267857909989465,4.442200271683818,3.0,4.2145,4.461,34.11028529428738,100% Rewarded
1,2.0,Gabor90,15.493176815726404,17.642700271683818,3.0,16.6235,17.68,34.11028529428738,100% Rewarded
2,3.0,Gabor0,29.51313043830082,31.644700337323236,3.0,30.5505,31.638,34.11028529428738,50% Rewarded
3,4.0,Gabor90,42.481034254006985,44.61070029138978,3.0,43.724000000000004,44.622,34.11028529428738,100% Rewarded
4,5.0,Gabor45,55.200942737229084,,0.0,,,34.11028529428738,0% Rewarded
5,6.0,Gabor45,67.64611041398933,,0.0,,,34.11028529428738,0% Rewarded
6,7.0,Gabor45,78.98635377077656,,0.0,,,34.11028529428738,0% Rewarded
7,8.0,Gabor90,94.28166556792623,96.40970027822219,3.0,95.58800000000001,96.45,34.11028529428738,100% Rewarded
8,9.0,Gabor90,106.53987679050547,108.69470023880855,3.0,107.8475,108.78750000000001,34.11028529428738,100% Rewarded
9,10.0,Gabor90,117.68965537780484,119.82770029138976,3.0,118.97800000000001,119.9165,34.11028529428738,100% Rewarded
10,11.0,Gabor45,129.26650669962075,,0.0,,,34.11028529428738,0% Rewarded
11,12.0,Gabor90,140.48406912436963,142.6302001007457,3.0,142.1545,142.6265,34.11028529428738,100% Rewarded
12,13.0,Gabor0,153.50703169146064,155.64420022564354,3.0,154.782,155.859,34.11028529428738,50% Rewarded
13,14.0,Gabor45,167.60162902708197,,0.0,,,34.11028529428738,0% Rewarded
14,15.0,Gabor45,180.46482861542765,,0.0,,,34.11028529428738,0% Rewarded
15,16.0,Gabor0,193.6949552495019,195.84070026505634,3.0,194.94050000000001,195.995,34.11028529428738,50% Rewarded
16,17.0,Gabor45,210.1291078296345,,0.0,,,34.11028529428738,0% Rewarded
17,18.0,Gabor90,223.14373396030646,225.28770031773018,3.0,224.865,225.31300000000002,34.11028529428738,100% Rewarded
18,19.0,Gabor90,234.6857936998353,236.81270029138977,3.0,236.251,236.85500000000002,34.11028529428738,100% Rewarded
19,20.0,Gabor0,249.7265382167254,251.8637002848527,3.0,251.0095,251.8845,34.11028529428738,50% Rewarded
20,21.0,Gabor90,264.5707814149537,266.7142001993187,3.0,266.1185,266.75,34.11028529428738,100% Rewarded
21,22.0,Gabor90,276.74750188893944,278.88170023218754,3.0,278.1295,278.944,34.11028529428738,100% Rewarded
22,23.0,Gabor0,288.4926191424647,290.62970027168376,3.0,290.1185,290.719,34.11028529428738,50% Rewarded
23,24.0,Gabor0,300.798138565906,,0.0,302.185,302.9805,34.11028529428738,50% Rewarded
24,25.0,Gabor0,313.2720934871187,315.4142002848527,3.0,314.878,315.8165,34.11028529428738,50% Rewarded
25,26.0,Gabor90,324.9083907669125,327.05120031773015,3.0,326.5815,327.024,34.11028529428738,100% Rewarded
26,27.0,Gabor45,337.89350255723633,,0.0,,,34.11028529428738,0% Rewarded
27,28.0,Gabor0,351.3067285760591,,0.0,352.6095,353.515,34.11028529428738,50% Rewarded
28,29.0,Gabor45,363.5589254040476,,0.0,,,34.11028529428738,0% Rewarded
29,30.0,Gabor0,380.72522812775674,382.86520021255035,3.0,381.9325,382.9375,34.11028529428738,50% Rewarded
30,31.0,Gabor45,394.6971214579231,,0.0,,,34.11028529428738,0% Rewarded
31,32.0,Gabor45,408.0490464760781,,0.0,,,34.11028529428738,0% Rewarded
32,33.0,Gabor45,422.0520217943603,,0.0,,,34.11028529428738,0% Rewarded
33,34.0,Gabor0,434.13614929561083,436.27770031109316,3.0,435.8125,436.33750000000003,34.11028529428738,50% Rewarded
34,35.0,Gabor0,445.36291601432043,447.50220028485273,3.0,447.2285,447.508,34.11028529428738,50% Rewarded
35,36.0,Gabor90,456.752849908288,458.89820025197537,3.0,458.556,458.967,34.11028529428738,100% Rewarded
36,37.0,Gabor0,469.1234914338114,,0.0,470.257,471.33750000000003,34.11028529428738,50% Rewarded
37,38.0,Gabor0,482.3319806456828,,0.0,483.73650000000004,484.5165,34.11028529428738,50% Rewarded
38,39.0,Gabor0,494.68092433780316,,0.0,496.1135,,34.11028529428738,50% Rewarded
39,40.0,Gabor90,506.4669143597514,508.6037002124102,3.0,508.29650000000004,508.695,34.11028529428738,100% Rewarded
40,41.0,Gabor0,519.4771677276833,,0.0,521.088,521.827,34.11028529428738,50% Rewarded
41,42.0,Gabor0,532.9882495596573,535.1342002454321,3.0,,,34.11028529428738,50% Rewarded
42,43.0,Gabor0,544.0378462738904,546.1867002388873,3.0,545.1320000000001,546.16,34.11028529428738,50% Rewarded
43,44.0,Gabor90,558.7377086904005,560.8662002716837,3.0,560.4095,560.926,34.11028529428738,100% Rewarded
44,45.0,Gabor0,570.2812346736073,,0.0,571.5975,572.439,34.11028529428738,50% Rewarded
45,46.0,Gabor0,584.2755234241952,586.4052002124101,3.0,585.1485,586.7435,34.11028529428738,50% Rewarded
46,47.0,Gabor0,601.5952183661464,603.7332002388086,3.0,602.676,603.8595,34.11028529428738,50% Rewarded
47,48.0,Gabor0,614.9228613636392,,0.0,616.47,617.1125000000001,34.11028529428738,50% Rewarded
48,49.0,Gabor45,632.3695675638259,,0.0,,,34.11028529428738,0% Rewarded
49,50.0,Gabor90,644.1236769998552,646.26870031773,3.0,645.419,646.246,34.11028529428738,100% Rewarded
50,51.0,Gabor45,655.6822868243794,,0.0,,,34.11028529428738,0% Rewarded
51,52.0,Gabor45,673.1605206020884,,0.0,,,34.11028529428738,0% Rewarded
52,53.0,Gabor0,685.2367042500587,687.3872002848527,3.0,685.4755,687.388,34.11028529428738,50% Rewarded
53,54.0,Gabor90,696.3473535748903,698.4872002913897,3.0,696.5515,698.8475,34.11028529428738,100% Rewarded
54,55.0,Gabor90,707.4410675223935,709.5712002783139,3.0,709.0725,709.659,34.11028529428738,100% Rewarded
55,56.0,Gabor90,718.5231179376553,720.6542003177301,3.0,720.2185000000001,720.6775,34.11028529428738,100% Rewarded
56,57.0,Gabor90,730.5211240477099,732.6712002651437,3.0,731.53,732.6975,34.11028529428738,100% Rewarded
57,58.0,Gabor0,742.5798534947162,744.7137002716838,3.0,743.859,744.7545,34.11028529428738,50% Rewarded
58,59.0,Gabor0,757.3522004920569,759.4877002783139,3.0,758.438,759.564,34.11028529428738,50% Rewarded
59,60.0,Gabor0,769.0761433688656,,0.0,769.891,771.2375000000001,34.11028529428738,50% Rewarded
60,61.0,Gabor0,784.4200141196827,,0.0,785.468,786.5265,34.11028529428738,50% Rewarded
61,62.0,Gabor45,797.3055898885748,,0.0,,,34.11028529428738,0% Rewarded
62,63.0,Gabor45,809.314553123035,,0.0,,,34.11028529428738,0% Rewarded
63,64.0,Gabor0,826.7706227937495,,0.0,,,34.11028529428738,50% Rewarded
64,65.0,Gabor45,838.8310835936157,,0.0,,,34.11028529428738,0% Rewarded
65,66.0,Gabor45,857.9329530202737,,0.0,,,34.11028529428738,0% Rewarded
66,67.0,Gabor0,873.9820146651349,876.1107002454321,3.0,875.5095,876.5145,34.11028529428738,50% Rewarded
67,68.0,Gabor0,889.2653869723247,,0.0,890.2805000000001,891.4965,34.11028529428738,50% Rewarded
68,69.0,Gabor45,903.6070193320562,,0.0,,,34.11028529428738,0% Rewarded
69,70.0,Gabor90,914.6708530371932,916.8102002716839,3.0,916.463,916.8955,34.11028529428738,100% Rewarded
70,71.0,Gabor90,925.9941840790393,928.1407002716837,3.0,927.2085000000001,928.1510000000001,34.11028529428738,100% Rewarded
71,72.0,Gabor0,939.4317815629626,941.5727002913898,3.0,940.7875,941.6095,34.11028529428738,50% Rewarded
72,73.0,Gabor45,950.5405669564468,,0.0,,,34.11028529428738,0% Rewarded
73,74.0,Gabor45,963.5122460572024,,0.0,,,34.11028529428738,0% Rewarded
74,75.0,Gabor0,975.9474419837368,,0.0,977.6035,978.3075,34.11028529428738,50% Rewarded
75,76.0,Gabor90,991.0385382205093,993.1757003045591,3.0,992.9200000000001,993.183,34.11028529428738,100% Rewarded
76,77.0,Gabor45,1003.6432443144827,,0.0,,,34.11028529428738,0% Rewarded
77,78.0,Gabor90,1018.3602102350244,1020.4952002453513,3.0,1020.0085,1020.5455000000001,34.11028529428738,100% Rewarded
78,79.0,Gabor45,1030.109596253939,,0.0,,,34.11028529428738,0% Rewarded
79,80.0,Gabor0,1045.5101050792528,1047.6327002585167,3.0,1046.549,1047.698,34.11028529428738,50% Rewarded
80,81.0,Gabor45,1059.4532595865119,,0.0,,,34.11028529428738,0% Rewarded
81,82.0,Gabor45,1073.7977434466143,,0.0,,,34.11028529428738,0% Rewarded
82,83.0,Gabor45,1087.1480599274314,,0.0,,,34.11028529428738,0% Rewarded
83,84.0,Gabor45,1099.8952229581944,,0.0,,,34.11028529428738,0% Rewarded
84,85.0,Gabor45,1112.986051605467,,0.0,1113.094,1115.162,34.11028529428738,0% Rewarded
85,86.0,Gabor0,1124.3920276472468,1126.5302002585167,3.0,1125.8015,1126.5895,34.11028529428738,50% Rewarded
86,87.0,Gabor45,1137.2475280623094,,0.0,,,34.11028529428738,0% Rewarded
87,88.0,Gabor90,1149.1623320168246,1151.3142002913899,3.0,1150.4625,1151.2845,34.11028529428738,100% Rewarded
88,89.0,Gabor90,1160.6576100295147,1162.781200304559,3.0,1161.9965,1162.866,34.11028529428738,100% Rewarded
89,90.0,Gabor90,1172.6788183584445,1174.8277002716839,3.0,1173.952,1174.805,34.11028529428738,100% Rewarded
90,91.0,Gabor0,1183.9242427310965,,0.0,1184.865,1186.1555,34.11028529428738,50% Rewarded
91,92.0,Gabor90,1197.2942551357455,1199.4622002388085,3.0,1198.8405,1199.6795,34.11028529428738,100% Rewarded
92,93.0,Gabor90,1209.3764172877768,1211.4987002519752,3.0,1210.3045,1211.5315,34.11028529428738,100% Rewarded
93,94.0,Gabor0,1223.9373585644043,1226.0857002388088,3.0,1225.2115000000001,1226.075,34.11028529428738,50% Rewarded
94,95.0,Gabor45,1235.4020121312697,,0.0,,,34.11028529428738,0% Rewarded
95,96.0,Gabor0,1251.3055043749832,1253.4482002913899,3.0,1251.8890000000001,1253.538,34.11028529428738,50% Rewarded
96,97.0,Gabor45,1262.8341200130453,,0.0,,,34.11028529428738,0% Rewarded
97,98.0,Gabor45,1274.7078658050445,,0.0,,,34.11028529428738,0% Rewarded
98,99.0,Gabor90,1286.130871812792,1288.2832002519754,3.0,1287.4935,1288.3675,34.11028529428738,100% Rewarded
99,100.0,Gabor0,1299.2816127997623,1301.421700390266,3.0,1300.7055,1301.453,34.11028529428738,50% Rewarded
100,101.0,Gabor45,1311.1145002103901,,0.0,,,34.11028529428738,0% Rewarded
101,102.0,Gabor0,1324.5039146969775,,0.0,1326.0145,1326.7085,34.11028529428738,50% Rewarded
102,103.0,Gabor0,1338.304907021067,,0.0,1339.9525,1340.509,34.11028529428738,50% Rewarded
103,104.0,Gabor45,1349.696440416375,,0.0,,,34.11028529428738,0% Rewarded
104,105.0,Gabor45,1362.3897678460496,,0.0,,,34.11028529428738,0% Rewarded
105,106.0,Gabor45,1374.2795712477068,,0.0,,,34.11028529428738,0% Rewarded
106,107.0,Gabor0,1385.816535581182,1387.9522002716838,3.0,1387.067,1388.0265,34.11028529428738,50% Rewarded
107,108.0,Gabor90,1399.8213640800286,1401.9602002519753,3.0,1401.3475,1401.9975,34.11028529428738,100% Rewarded
108,109.0,Gabor0,1413.7565872836817,1415.8987002519752,3.0,1415.301,1415.9950000000001,34.11028529428738,50% Rewarded
109,110.0,Gabor90,1424.9266167928408,1427.0652001993185,3.0,1426.3415,1427.104,34.11028529428738,100% Rewarded
110,111.0,Gabor0,1440.432635305539,,0.0,1442.1295,1442.5745,34.11028529428738,50% Rewarded
111,112.0,Gabor90,1456.7331549524247,1458.8747003571361,3.0,1458.0625,1458.881,34.11028529428738,100% Rewarded
112,113.0,Gabor90,1468.5941721622069,1470.7172002716839,3.0,1470.453,1470.7825,34.11028529428738,100% Rewarded
113,114.0,Gabor0,1482.7903186403767,,0.0,1484.19,1485.0140000000001,34.11028529428738,50% Rewarded
114,115.0,Gabor45,1495.4574907619935,,0.0,,,34.11028529428738,0% Rewarded
115,116.0,Gabor0,1506.5062930121155,,0.0,1507.6705,1508.723,34.11028529428738,50% Rewarded
116,117.0,Gabor90,1517.7816620449753,1519.9167002716838,3.0,1519.2045,1519.986,34.11028529428738,100% Rewarded
117,118.0,Gabor90,1531.5122156025845,1533.6447002913899,3.0,1532.7685000000001,1533.6955,34.11028529428738,100% Rewarded
118,119.0,Gabor45,1543.300057709686,,0.0,,,34.11028529428738,0% Rewarded
119,120.0,Gabor0,1561.980534199715,,0.0,1563.0905,1564.1200000000001,34.11028529428738,50% Rewarded
120,121.0,Gabor45,1573.3495466314048,,0.0,,,34.11028529428738,0% Rewarded
121,122.0,Gabor0,1586.1422777852815,1588.2862002848526,3.0,1588.1195,1588.3995,34.11028529428738,50% Rewarded
122,123.0,Gabor0,1600.1952450660265,,0.0,1601.1395,1602.424,34.11028529428738,50% Rewarded
123,124.0,Gabor0,1613.0112957926192,,0.0,1613.9825,1615.1415,34.11028529428738,50% Rewarded
124,125.0,Gabor90,1627.0410802688093,1629.187700265144,3.0,1628.4460000000001,1629.211,34.11028529428738,100% Rewarded
125,126.0,Gabor0,1638.8461879286347,,0.0,1640.145,1641.04,34.11028529428738,50% Rewarded
126,127.0,Gabor90,1651.5057803841737,1653.6377002848526,3.0,1652.7725,1653.651,34.11028529428738,100% Rewarded
127,128.0,Gabor90,1663.1365806580993,1665.272700304559,3.0,1664.289,1665.2845,34.11028529428738,100% Rewarded
128,129.0,Gabor45,1674.5128828291513,,0.0,,,34.11028529428738,0% Rewarded
129,130.0,Gabor90,1686.8957078886838,1689.0382001401827,3.0,1688.209,1689.0585,34.11028529428738,100% Rewarded
130,131.0,Gabor0,1700.0646875482314,,0.0,1701.2445,1702.2095,34.11028529428738,50% Rewarded
131,132.0,Gabor45,1713.5113355081962,,0.0,,,34.11028529428738,0% Rewarded
132,133.0,Gabor90,1726.3380207869868,1728.4892051055213,3.0,1727.767,1728.4865,34.11028529428738,100% Rewarded
133,134.0,Gabor0,1737.6253770471496,,0.0,1738.7450000000001,1739.8365000000001,34.11028529428738,50% Rewarded
134,135.0,Gabor0,1748.8515787783886,,0.0,1750.121,1751.028,34.11028529428738,50% Rewarded
135,136.0,Gabor90,1762.175098750352,1764.305200330903,3.0,1763.363,1764.2845,34.11028529428738,100% Rewarded
136,137.0,Gabor90,1775.3510907866782,1777.4742002716837,3.0,1776.7425,1777.58,34.11028529428738,100% Rewarded
137,138.0,Gabor0,1788.3979028433025,,0.0,1789.464,1790.6770000000001,34.11028529428738,50% Rewarded
138,139.0,Gabor90,1799.4258277791405,1801.5402002716837,3.0,,,34.11028529428738,100% Rewarded
139,140.0,Gabor90,1811.5865491508594,1813.724200330903,3.0,1812.4675,1813.7825,34.11028529428738,100% Rewarded
140,141.0,Gabor45,1825.5474368085302,,0.0,,,34.11028529428738,0% Rewarded
141,142.0,Gabor0,1836.5910483115808,,0.0,,,34.11028529428738,50% Rewarded
142,143.0,Gabor45,1857.2804082973184,,0.0,,,34.11028529428738,0% Rewarded
143,144.0,Gabor90,1870.297598938275,1872.425700304559,3.0,1871.4455,1872.461,34.11028529428738,100% Rewarded
144,145.0,Gabor45,1881.7762484115106,,0.0,,,34.11028529428738,0% Rewarded
145,146.0,Gabor90,1898.9531769356604,1901.074700278314,3.0,1900.137,1901.174,34.11028529428738,100% Rewarded
146,147.0,Gabor0,1915.0842944731414,1917.2082003309029,3.0,1916.162,1917.1960000000001,34.11028529428738,50% Rewarded
147,148.0,Gabor90,1926.8316382052208,1928.9682002453512,3.0,1928.3005,1928.971,34.11028529428738,100% Rewarded
148,149.0,Gabor0,1937.884005231455,1940.0092002716838,3.0,1939.088,1940.0645,34.11028529428738,50% Rewarded
149,150.0,Gabor90,1954.1845658910033,1956.3267003110932,3.0,1955.8210000000001,1956.411,34.11028529428738,100% Rewarded
150,151.0,Gabor0,1973.657226760365,,0.0,1974.7205000000001,1975.8400000000001,34.11028529428738,50% Rewarded
151,152.0,Gabor45,1984.6826982812013,,0.0,,,34.11028529428738,0% Rewarded
152,153.0,Gabor45,1996.5274067686196,,0.0,,,34.11028529428738,0% Rewarded
153,154.0,Gabor45,2013.3098876489698,,0.0,,,34.11028529428738,0% Rewarded
154,155.0,Gabor0,2027.998195010356,2030.1292002848527,3.0,2028.861,2030.2035,34.11028529428738,50% Rewarded
155,156.0,Gabor0,2039.7262934079386,,0.0,2041.511,2041.9435,34.11028529428738,50% Rewarded
156,157.0,Gabor0,2051.734579408333,2053.88070029139,3.0,2053.0,2053.8775,34.11028529428738,50% Rewarded
157,158.0,Gabor90,2064.6301254676646,2066.761700146787,3.0,2066.3845,2066.8335,34.11028529428738,100% Rewarded
158,159.0,Gabor45,2076.004570384239,,0.0,,,34.11028529428738,0% Rewarded
159,160.0,Gabor45,2088.807987833834,,0.0,,,34.11028529428738,0% Rewarded
