Session,Cell,NumSignificant,SignificantEvents
session_2024_04_23_1_MAT008,cell0,0,""
session_2024_04_23_1_MAT008,cell1,1,"rewardTime"
session_2024_04_23_1_MAT008,cell2,1,"stimulusOnsetTime"
session_2024_04_23_1_MAT008,cell3,0,""
session_2024_04_23_1_MAT008,cell4,0,""
session_2024_04_23_1_MAT008,cell5,0,""
session_2024_04_23_1_MAT008,cell6,0,""
session_2024_04_23_1_MAT008,cell7,0,""
session_2024_04_23_1_MAT008,cell8,1,"stimulusOnsetTime"
session_2024_04_23_1_MAT008,cell9,1,"stimulusOnsetTime"
session_2024_04_23_1_MAT008,cell10,0,""
session_2024_04_23_1_MAT008,cell11,0,""
session_2024_04_23_1_MAT008,cell12,0,""
session_2024_04_23_1_MAT008,cell13,0,""
session_2024_04_23_1_MAT008,cell14,0,""
session_2024_04_23_1_MAT008,cell15,0,""
session_2024_04_23_1_MAT008,cell16,0,""
session_2024_04_23_1_MAT008,cell17,0,""
session_2024_04_23_1_MAT008,cell18,0,""
session_2024_04_23_1_MAT008,cell19,0,""
session_2024_04_23_1_MAT008,cell20,0,""
session_2024_04_23_1_MAT008,cell21,0,""
session_2024_04_23_1_MAT008,cell22,0,""
session_2024_04_23_1_MAT008,cell23,0,""
session_2024_04_23_1_MAT008,cell24,0,""
session_2024_04_23_1_MAT008,cell25,0,""
session_2024_04_23_1_MAT008,cell26,0,""
session_2024_04_23_1_MAT008,cell27,2,"stimulusOnsetTime,rewardTime"
session_2024_04_23_1_MAT008,cell28,0,""
session_2024_04_23_1_MAT008,cell29,0,""
session_2024_04_23_1_MAT008,cell30,1,"rewardTime"
session_2024_04_23_1_MAT008,cell31,0,""
session_2024_04_23_1_MAT008,cell32,0,""
session_2024_04_23_1_MAT008,cell33,1,"rewardTime"
session_2024_04_23_1_MAT008,cell34,0,""
session_2024_04_23_1_MAT008,cell35,0,""
session_2024_04_23_1_MAT008,cell36,1,"rewardTime"
session_2024_04_23_1_MAT008,cell37,0,""
session_2024_04_23_1_MAT008,cell38,0,""
session_2024_04_23_1_MAT008,cell39,0,""
session_2024_04_23_1_MAT008,cell40,0,""
session_2024_04_23_1_MAT008,cell41,1,"rewardTime"
session_2024_04_23_1_MAT008,cell42,2,"stimulusOnsetTime,rewardTime"
session_2024_04_23_1_MAT008,cell43,1,"rewardTime"
session_2024_04_23_1_MAT008,cell44,1,"stimulusOnsetTime"
session_2024_04_23_1_MAT008,cell45,0,""
session_2024_04_23_1_MAT008,cell46,0,""
session_2024_04_23_1_MAT008,cell47,0,""
session_2024_04_23_1_MAT008,cell48,0,""
session_2024_04_23_1_MAT008,cell49,0,""
session_2024_04_23_1_MAT008,cell50,0,""
session_2024_04_23_1_MAT008,cell51,1,"rewardTime"
session_2024_04_23_1_MAT008,cell52,1,"rewardTime"
session_2024_04_23_1_MAT008,cell53,0,""
session_2024_04_23_1_MAT008,cell54,0,""
session_2024_04_23_1_MAT008,cell55,0,""
session_2024_04_23_1_MAT008,cell56,0,""
session_2024_04_23_1_MAT008,cell57,0,""
session_2024_04_23_1_MAT008,cell58,1,"stimulusOnsetTime"
session_2024_04_23_1_MAT008,cell59,1,"stimulusOnsetTime"
session_2024_04_23_1_MAT008,cell60,0,""
session_2024_04_23_1_MAT008,cell61,0,""
session_2024_04_23_1_MAT008,cell62,1,"rewardTime"
session_2024_04_23_1_MAT008,cell63,0,""
session_2024_04_23_1_MAT008,cell64,2,"stimulusOnsetTime,rewardTime"
session_2024_04_23_1_MAT008,cell65,0,""
session_2024_04_23_1_MAT008,cell66,0,""
session_2024_04_23_1_MAT008,cell67,1,"stimulusOnsetTime"
session_2024_04_23_1_MAT008,cell68,0,""
session_2024_04_23_1_MAT008,cell69,0,""
session_2024_04_23_1_MAT008,cell70,2,"stimulusOnsetTime,rewardTime"
session_2024_04_23_1_MAT008,cell71,1,"stimulusOnsetTime"
session_2024_04_23_1_MAT008,cell72,1,"rewardTime"
session_2024_04_23_1_MAT008,cell73,0,""
session_2024_04_23_1_MAT008,cell74,0,""
session_2024_04_23_1_MAT008,cell75,0,""
session_2024_04_23_1_MAT008,cell76,1,"rewardTime"
session_2024_04_23_1_MAT008,cell77,0,""
session_2024_04_23_1_MAT008,cell78,1,"rewardTime"
session_2024_04_23_1_MAT008,cell79,0,""
session_2024_04_23_1_MAT008,cell80,1,"rewardTime"
session_2024_04_23_1_MAT008,cell81,1,"rewardTime"
session_2024_04_23_1_MAT008,cell82,0,""
session_2024_04_23_1_MAT008,cell83,0,""
session_2024_04_23_1_MAT008,cell84,0,""
session_2024_04_23_1_MAT008,cell85,0,""
session_2024_04_23_1_MAT008,cell86,0,""
session_2024_04_23_1_MAT008,cell87,0,""
session_2024_04_23_1_MAT008,cell88,1,"rewardTime"
session_2024_04_23_1_MAT008,cell89,0,""
session_2024_04_23_1_MAT008,cell90,0,""
session_2024_04_23_1_MAT008,cell91,0,""
session_2024_04_23_1_MAT008,cell92,0,""
session_2024_04_23_1_MAT008,cell93,2,"stimulusOnsetTime,rewardTime"
session_2024_04_23_1_MAT008,cell94,2,"stimulusOnsetTime,rewardTime"
session_2024_04_23_1_MAT008,cell95,0,""
session_2024_04_23_1_MAT008,cell96,0,""
session_2024_04_23_1_MAT008,cell97,1,"rewardTime"
session_2024_04_23_1_MAT008,cell98,0,""
session_2024_04_23_1_MAT008,cell99,0,""
session_2024_04_23_1_MAT008,cell100,0,""
session_2024_04_23_1_MAT008,cell101,1,"stimulusOnsetTime"
session_2024_04_23_1_MAT008,cell102,1,"stimulusOnsetTime"
session_2024_04_23_1_MAT008,cell103,0,""
session_2024_04_23_1_MAT008,cell104,0,""
session_2024_04_23_1_MAT008,cell105,0,""
session_2024_04_23_1_MAT008,cell106,0,""
session_2024_04_23_1_MAT008,cell107,0,""
session_2024_04_23_1_MAT008,cell108,0,""
session_2024_04_23_1_MAT008,cell109,0,""
session_2024_04_23_1_MAT008,cell110,0,""
session_2024_04_23_1_MAT008,cell111,1,"rewardTime"
session_2024_04_23_1_MAT008,cell112,0,""
session_2024_04_23_1_MAT008,cell113,1,"stimulusOnsetTime"
session_2024_04_23_1_MAT008,cell114,1,"rewardTime"
session_2024_04_23_1_MAT008,cell115,0,""
session_2024_04_23_1_MAT008,cell116,0,""
session_2024_04_23_1_MAT008,cell117,1,"stimulusOnsetTime"
session_2024_04_23_1_MAT008,cell118,1,"rewardTime"
session_2024_04_23_1_MAT008,cell119,0,""
session_2024_04_23_1_MAT008,cell120,0,""
session_2024_04_23_1_MAT008,cell121,0,""
session_2024_04_23_1_MAT008,cell122,1,"rewardTime"
session_2024_04_23_1_MAT008,cell123,0,""
session_2024_04_23_1_MAT008,cell124,0,""
session_2024_04_23_1_MAT008,cell125,0,""
session_2024_04_23_1_MAT008,cell126,1,"stimulusOnsetTime"
session_2024_04_23_1_MAT008,cell127,0,""
session_2024_04_23_1_MAT008,cell128,2,"stimulusOnsetTime,rewardTime"
session_2024_04_23_1_MAT008,cell129,0,""
session_2024_04_23_1_MAT008,cell130,1,"rewardTime"
session_2024_04_23_1_MAT008,cell131,0,""
session_2024_04_23_1_MAT008,cell132,0,""
session_2024_04_23_1_MAT008,cell133,0,""
session_2024_04_23_1_MAT008,cell134,0,""
session_2024_04_23_1_MAT008,cell135,2,"stimulusOnsetTime,rewardTime"
session_2024_04_23_1_MAT008,cell136,0,""
session_2024_04_23_1_MAT008,cell137,0,""
session_2024_04_23_1_MAT008,cell138,0,""
session_2024_04_23_1_MAT008,cell139,1,"stimulusOnsetTime"
session_2024_04_23_1_MAT008,cell140,0,""
session_2024_04_23_1_MAT008,cell141,1,"rewardTime"
session_2024_04_23_1_MAT008,cell142,0,""
session_2024_04_23_1_MAT008,cell143,0,""
session_2024_04_23_1_MAT008,cell144,0,""
session_2024_04_23_1_MAT008,cell145,0,""
session_2024_04_23_1_MAT008,cell146,2,"stimulusOnsetTime,rewardTime"
session_2024_04_23_1_MAT008,cell147,2,"stimulusOnsetTime,rewardTime"
session_2024_04_23_1_MAT008,cell148,2,"stimulusOnsetTime,rewardTime"
session_2024_04_23_1_MAT008,cell149,0,""
session_2024_04_23_1_MAT008,cell150,2,"stimulusOnsetTime,rewardTime"
session_2024_04_23_1_MAT008,cell151,0,""
session_2024_04_23_1_MAT008,cell152,1,"rewardTime"
session_2024_04_23_1_MAT008,cell153,0,""
session_2024_04_23_1_MAT008,cell154,0,""
session_2024_04_23_1_MAT008,cell155,0,""
session_2024_04_23_1_MAT008,cell156,0,""
session_2024_04_23_1_MAT008,cell157,0,""
session_2024_04_23_1_MAT008,cell158,1,"rewardTime"
session_2024_04_23_1_MAT008,cell159,0,""
session_2024_04_23_1_MAT008,cell160,0,""
session_2024_04_23_1_MAT008,cell161,2,"stimulusOnsetTime,rewardTime"
session_2024_04_23_1_MAT008,cell162,0,""
session_2024_04_23_1_MAT008,cell163,0,""
session_2024_04_23_1_MAT008,cell164,0,""
session_2024_04_23_1_MAT008,cell165,1,"stimulusOnsetTime"
session_2024_04_23_1_MAT008,cell166,0,""
session_2024_04_23_1_MAT008,cell167,0,""
session_2024_04_23_1_MAT008,cell168,0,""
session_2024_04_23_1_MAT008,cell169,0,""
session_2024_04_23_1_MAT008,cell170,0,""
session_2024_04_23_1_MAT008,cell171,0,""
session_2024_04_23_1_MAT008,cell172,0,""
session_2024_04_23_1_MAT008,cell173,0,""
session_2024_04_23_1_MAT008,cell174,0,""
session_2024_04_23_1_MAT008,cell175,0,""
session_2024_04_23_1_MAT008,cell176,0,""
session_2024_04_23_1_MAT008,cell177,0,""
session_2024_04_23_1_MAT008,cell178,0,""
session_2024_04_23_1_MAT008,cell179,0,""
session_2024_04_23_1_MAT008,cell180,0,""
session_2024_04_23_1_MAT008,cell181,0,""
session_2024_04_23_1_MAT008,cell182,0,""
session_2024_04_23_1_MAT008,cell183,0,""
session_2024_04_23_1_MAT008,cell184,0,""
session_2024_04_23_1_MAT008,cell185,0,""
session_2024_04_23_1_MAT008,cell186,1,"stimulusOnsetTime"
session_2024_04_23_1_MAT008,cell187,1,"stimulusOnsetTime"
session_2024_04_23_1_MAT008,cell188,1,"rewardTime"
session_2024_04_23_1_MAT008,cell189,0,""
session_2024_04_23_1_MAT008,cell190,0,""
session_2024_04_23_1_MAT008,cell191,0,""
session_2024_04_23_1_MAT008,cell192,1,"stimulusOnsetTime"
session_2024_04_23_1_MAT008,cell193,0,""
session_2024_04_23_1_MAT008,cell194,0,""
session_2024_04_23_1_MAT008,cell195,1,"rewardTime"
session_2024_04_23_1_MAT008,cell196,0,""
session_2024_04_23_1_MAT008,cell197,0,""
session_2024_04_23_1_MAT008,cell198,0,""
session_2024_04_23_1_MAT008,cell199,0,""
session_2024_04_23_1_MAT008,cell200,0,""
session_2024_04_23_1_MAT008,cell201,1,"stimulusOnsetTime"
session_2024_04_23_1_MAT008,cell202,0,""
session_2024_04_23_1_MAT008,cell203,0,""
session_2024_04_23_1_MAT008,cell204,2,"stimulusOnsetTime,rewardTime"
session_2024_04_23_1_MAT008,cell205,0,""
session_2024_04_23_1_MAT008,cell206,2,"stimulusOnsetTime,rewardTime"
session_2024_04_23_1_MAT008,cell207,0,""
session_2024_04_23_1_MAT008,cell208,0,""
session_2024_04_23_1_MAT008,cell209,1,"rewardTime"
session_2024_04_23_1_MAT008,cell210,0,""
session_2024_04_23_1_MAT008,cell211,0,""
session_2024_04_23_1_MAT008,cell212,0,""
session_2024_04_23_1_MAT008,cell213,1,"rewardTime"
session_2024_04_23_1_MAT008,cell214,1,"rewardTime"
session_2024_04_23_1_MAT008,cell215,2,"stimulusOnsetTime,rewardTime"
session_2024_04_23_1_MAT008,cell216,1,"rewardTime"
session_2024_04_23_1_MAT008,cell217,0,""
session_2024_04_23_1_MAT008,cell218,1,"rewardTime"
session_2024_04_23_1_MAT008,cell219,0,""
session_2024_04_23_1_MAT008,cell220,1,"rewardTime"
session_2024_04_23_1_MAT008,cell221,0,""
session_2024_04_23_1_MAT008,cell222,0,""
session_2024_04_23_1_MAT008,cell223,1,"stimulusOnsetTime"
session_2024_04_23_1_MAT008,cell224,0,""
session_2024_04_23_1_MAT008,cell225,2,"stimulusOnsetTime,rewardTime"
session_2024_04_23_1_MAT008,cell226,0,""
session_2024_04_23_1_MAT008,cell227,0,""
session_2024_04_23_1_MAT008,cell228,0,""
session_2024_04_23_1_MAT008,cell229,2,"stimulusOnsetTime,rewardTime"
session_2024_04_23_1_MAT008,cell230,0,""
session_2024_04_23_1_MAT008,cell231,1,"rewardTime"
session_2024_04_23_1_MAT008,cell232,0,""
session_2024_04_23_1_MAT008,cell233,0,""
session_2024_04_23_1_MAT008,cell234,1,"stimulusOnsetTime"
session_2024_04_23_1_MAT008,cell235,0,""
session_2024_04_23_1_MAT008,cell236,0,""
session_2024_04_23_1_MAT008,cell237,0,""
session_2024_04_23_1_MAT008,cell238,0,""
session_2024_04_23_1_MAT008,cell239,0,""
session_2024_04_23_1_MAT008,cell240,0,""
session_2024_04_23_1_MAT008,cell241,2,"stimulusOnsetTime,rewardTime"
session_2024_04_23_1_MAT008,cell242,0,""
session_2024_04_23_1_MAT008,cell243,1,"rewardTime"
session_2024_04_23_1_MAT008,cell244,0,""
session_2024_04_23_1_MAT008,cell245,0,""
session_2024_04_23_1_MAT008,cell246,0,""
session_2024_04_23_1_MAT008,cell247,2,"stimulusOnsetTime,rewardTime"
session_2024_04_23_1_MAT008,cell248,1,"rewardTime"
session_2024_04_23_1_MAT008,cell249,1,"rewardTime"
session_2024_04_23_1_MAT008,cell250,0,""
session_2024_04_23_1_MAT008,cell251,0,""
session_2024_04_23_1_MAT008,cell252,2,"stimulusOnsetTime,rewardTime"
session_2024_04_23_1_MAT008,cell253,0,""
session_2024_04_23_1_MAT008,cell254,1,"rewardTime"
session_2024_04_23_1_MAT008,cell255,0,""
session_2024_04_23_1_MAT008,cell256,0,""
session_2024_04_23_1_MAT008,cell257,0,""
session_2024_04_23_1_MAT008,cell258,0,""
session_2024_04_23_1_MAT008,cell259,2,"stimulusOnsetTime,rewardTime"
session_2024_04_23_1_MAT008,cell260,2,"stimulusOnsetTime,rewardTime"
session_2024_04_23_1_MAT008,cell261,1,"stimulusOnsetTime"
session_2024_04_23_1_MAT008,cell262,0,""
session_2024_04_23_1_MAT008,cell263,1,"stimulusOnsetTime"
session_2024_04_23_1_MAT008,cell264,0,""
session_2024_04_23_1_MAT008,cell265,0,""
session_2024_04_23_1_MAT008,cell266,0,""
session_2024_04_23_1_MAT008,cell267,1,"stimulusOnsetTime"
session_2024_04_23_1_MAT008,cell268,1,"rewardTime"
session_2024_04_23_1_MAT008,cell269,0,""
session_2024_04_23_1_MAT008,cell270,0,""
session_2024_04_23_1_MAT008,cell271,0,""
session_2024_04_23_1_MAT008,cell272,0,""
session_2024_04_23_1_MAT008,cell273,0,""
session_2024_04_23_1_MAT008,cell274,0,""
session_2024_04_23_1_MAT008,cell275,1,"rewardTime"
session_2024_04_23_1_MAT008,cell276,0,""
session_2024_04_23_1_MAT008,cell277,1,"stimulusOnsetTime"
session_2024_04_23_1_MAT008,cell278,0,""
session_2024_04_23_1_MAT008,cell279,0,""
session_2024_04_23_1_MAT008,cell280,0,""
session_2024_04_23_1_MAT008,cell281,0,""
session_2024_04_23_1_MAT008,cell282,0,""
session_2024_04_23_1_MAT008,cell283,1,"rewardTime"
session_2024_04_23_1_MAT008,cell284,0,""
session_2024_04_23_1_MAT008,cell285,0,""
session_2024_04_23_1_MAT008,cell286,0,""
session_2024_04_23_1_MAT008,cell287,1,"rewardTime"
session_2024_04_23_1_MAT008,cell288,2,"stimulusOnsetTime,rewardTime"
session_2024_04_23_1_MAT008,cell289,0,""
session_2024_04_23_1_MAT008,cell290,0,""
session_2024_04_23_1_MAT008,cell291,1,"stimulusOnsetTime"
session_2024_04_23_1_MAT008,cell292,0,""
session_2024_04_23_1_MAT008,cell293,0,""
session_2024_04_23_1_MAT008,cell294,0,""
session_2024_04_23_1_MAT008,cell295,1,"stimulusOnsetTime"
session_2024_04_23_1_MAT008,cell296,0,""
session_2024_04_23_1_MAT008,cell297,1,"rewardTime"
session_2024_04_23_1_MAT008,cell298,2,"stimulusOnsetTime,rewardTime"
session_2024_04_23_1_MAT008,cell299,0,""
session_2024_04_23_1_MAT008,cell300,0,""
session_2024_04_23_1_MAT008,cell301,0,""
session_2024_04_23_1_MAT008,cell302,0,""
session_2024_04_23_1_MAT008,cell303,0,""
session_2024_04_23_1_MAT008,cell304,1,"rewardTime"
session_2024_04_23_1_MAT008,cell305,0,""
session_2024_04_23_1_MAT008,cell306,0,""
session_2024_04_23_1_MAT008,cell307,0,""
session_2024_04_23_1_MAT008,cell308,1,"stimulusOnsetTime"
session_2024_04_23_1_MAT008,cell309,0,""
session_2024_04_23_1_MAT008,cell310,0,""
session_2024_04_23_1_MAT008,cell311,0,""
session_2024_04_23_1_MAT008,cell312,0,""
session_2024_04_23_1_MAT008,cell313,0,""
session_2024_04_23_1_MAT008,cell314,0,""
session_2024_04_23_1_MAT008,cell315,0,""
session_2024_04_23_1_MAT008,cell316,1,"rewardTime"
session_2024_04_23_1_MAT008,cell317,1,"rewardTime"
session_2024_04_23_1_MAT008,cell318,1,"stimulusOnsetTime"
session_2024_04_23_1_MAT008,cell319,0,""
session_2024_04_23_1_MAT008,cell320,0,""
session_2024_04_23_1_MAT008,cell321,0,""
session_2024_04_23_1_MAT008,cell322,0,""
session_2024_04_23_1_MAT008,cell323,0,""
session_2024_04_23_1_MAT008,cell324,0,""
session_2024_04_23_1_MAT008,cell325,0,""
session_2024_04_23_1_MAT008,cell326,0,""
session_2024_04_23_1_MAT008,cell327,2,"stimulusOnsetTime,rewardTime"
session_2024_04_23_1_MAT008,cell328,0,""
session_2024_04_23_1_MAT008,cell329,1,"rewardTime"
session_2024_04_23_1_MAT008,cell330,0,""
session_2024_04_23_1_MAT008,cell331,0,""
session_2024_04_23_1_MAT008,cell332,0,""
session_2024_04_23_1_MAT008,cell333,0,""
session_2024_04_23_1_MAT008,cell334,1,"rewardTime"
session_2024_04_23_1_MAT008,cell335,1,"rewardTime"
session_2024_04_23_1_MAT008,cell336,0,""
session_2024_04_23_1_MAT008,cell337,0,""
session_2024_04_23_1_MAT008,cell338,0,""
session_2024_04_23_1_MAT008,cell339,1,"rewardTime"
session_2024_04_23_1_MAT008,cell340,1,"rewardTime"
session_2024_04_23_1_MAT008,cell341,1,"stimulusOnsetTime"
session_2024_04_23_1_MAT008,cell342,0,""
session_2024_04_23_1_MAT008,cell343,2,"stimulusOnsetTime,rewardTime"
session_2024_04_23_1_MAT008,cell344,0,""
session_2024_04_23_1_MAT008,cell345,0,""
session_2024_04_23_1_MAT008,cell346,1,"rewardTime"
session_2024_04_23_1_MAT008,cell347,1,"rewardTime"
session_2024_04_23_1_MAT008,cell348,0,""
session_2024_04_23_1_MAT008,cell349,0,""
session_2024_04_23_1_MAT008,cell350,2,"stimulusOnsetTime,rewardTime"
session_2024_04_23_1_MAT008,cell351,1,"rewardTime"
session_2024_04_23_1_MAT008,cell352,0,""
session_2024_04_23_1_MAT008,cell353,0,""
session_2024_04_23_1_MAT008,cell354,0,""
session_2024_04_23_1_MAT008,cell355,1,"rewardTime"
session_2024_04_23_1_MAT008,cell356,0,""
session_2024_04_23_1_MAT008,cell357,1,"stimulusOnsetTime"
session_2024_04_23_1_MAT008,cell358,1,"rewardTime"
session_2024_04_23_1_MAT008,cell359,0,""
session_2024_04_23_1_MAT008,cell360,0,""
session_2024_04_23_1_MAT008,cell361,0,""
session_2024_04_23_1_MAT008,cell362,1,"stimulusOnsetTime"
session_2024_04_23_1_MAT008,cell363,0,""
session_2024_04_23_1_MAT008,cell364,1,"rewardTime"
session_2024_04_23_1_MAT008,cell365,0,""
session_2024_04_23_1_MAT008,cell366,0,""
session_2024_04_23_1_MAT008,cell367,1,"stimulusOnsetTime"
session_2024_04_23_1_MAT008,cell368,0,""
session_2024_04_23_1_MAT008,cell369,0,""
session_2024_04_23_1_MAT008,cell370,0,""
session_2024_04_23_1_MAT008,cell371,1,"rewardTime"
session_2024_04_23_1_MAT008,cell372,1,"rewardTime"
session_2024_04_23_1_MAT008,cell373,0,""
session_2024_04_23_1_MAT008,cell374,0,""
session_2024_04_23_1_MAT008,cell375,2,"stimulusOnsetTime,rewardTime"
session_2024_04_23_1_MAT008,cell376,0,""
session_2024_04_23_1_MAT008,cell377,0,""
session_2024_04_23_1_MAT008,cell378,0,""
session_2024_04_23_1_MAT008,cell379,0,""
session_2024_04_23_1_MAT008,cell380,0,""
session_2024_04_23_1_MAT008,cell381,0,""
session_2024_04_23_1_MAT008,cell382,1,"rewardTime"
session_2024_04_23_1_MAT008,cell383,0,""
session_2024_04_23_1_MAT008,cell384,0,""
session_2024_04_23_1_MAT008,cell385,1,"stimulusOnsetTime"
session_2024_04_23_1_MAT008,cell386,0,""
session_2024_04_23_1_MAT008,cell387,1,"stimulusOnsetTime"
session_2024_04_23_1_MAT008,cell388,0,""
session_2024_04_23_1_MAT008,cell389,0,""
session_2024_04_23_1_MAT008,cell390,0,""
session_2024_04_23_1_MAT008,cell391,0,""
session_2024_04_23_1_MAT008,cell392,0,""
session_2024_04_23_1_MAT008,cell393,0,""
session_2024_04_23_1_MAT008,cell394,1,"rewardTime"
session_2024_04_23_1_MAT008,cell395,0,""
session_2024_04_23_1_MAT008,cell396,2,"stimulusOnsetTime,rewardTime"
session_2024_04_23_1_MAT008,cell397,0,""
session_2024_04_23_1_MAT008,cell398,1,"rewardTime"
session_2024_04_23_1_MAT008,cell399,0,""
session_2024_04_23_1_MAT008,cell400,0,""
session_2024_04_23_1_MAT008,cell401,0,""
session_2024_04_23_1_MAT008,cell402,0,""
session_2024_04_23_1_MAT008,cell403,1,"rewardTime"
session_2024_04_23_1_MAT008,cell404,1,"rewardTime"
session_2024_04_23_1_MAT008,cell405,0,""
session_2024_04_23_1_MAT008,cell406,0,""
session_2024_04_23_1_MAT008,cell407,0,""
session_2024_04_23_1_MAT008,cell408,0,""
session_2024_04_23_1_MAT008,cell409,2,"stimulusOnsetTime,rewardTime"
session_2024_04_23_1_MAT008,cell410,0,""
session_2024_04_23_1_MAT008,cell411,0,""
session_2024_04_23_1_MAT008,cell412,0,""
session_2024_04_23_1_MAT008,cell413,0,""
session_2024_04_23_1_MAT008,cell414,0,""
session_2024_04_23_1_MAT008,cell415,0,""
session_2024_04_23_1_MAT008,cell416,0,""
session_2024_04_23_1_MAT008,cell417,0,""
session_2024_04_23_1_MAT008,cell418,0,""
session_2024_04_23_1_MAT008,cell419,0,""
session_2024_04_23_1_MAT008,cell420,0,""
session_2024_04_23_1_MAT008,cell421,0,""
session_2024_04_23_1_MAT008,cell422,0,""
session_2024_04_23_1_MAT008,cell423,2,"stimulusOnsetTime,rewardTime"
session_2024_04_23_1_MAT008,cell424,1,"rewardTime"
session_2024_04_23_1_MAT008,cell425,0,""
session_2024_04_23_1_MAT008,cell426,1,"rewardTime"
session_2024_04_23_1_MAT008,cell427,1,"rewardTime"
session_2024_04_23_1_MAT008,cell428,1,"stimulusOnsetTime"
session_2024_04_23_1_MAT008,cell429,0,""
session_2024_04_23_1_MAT008,cell430,1,"rewardTime"
session_2024_04_23_1_MAT008,cell431,1,"stimulusOnsetTime"
session_2024_04_23_1_MAT008,cell432,0,""
session_2024_04_23_1_MAT008,cell433,0,""
session_2024_04_23_1_MAT008,cell434,0,""
session_2024_04_23_1_MAT008,cell435,0,""
session_2024_04_23_1_MAT008,cell436,1,"stimulusOnsetTime"
session_2024_04_23_1_MAT008,cell437,0,""
session_2024_04_23_1_MAT008,cell438,2,"stimulusOnsetTime,rewardTime"
session_2024_04_23_1_MAT008,cell439,1,"stimulusOnsetTime"
session_2024_04_23_1_MAT008,cell440,0,""
session_2024_04_23_1_MAT008,cell441,1,"stimulusOnsetTime"
session_2024_04_23_1_MAT008,cell442,2,"stimulusOnsetTime,rewardTime"
session_2024_04_23_1_MAT008,cell443,0,""
session_2024_04_23_1_MAT008,cell444,0,""
session_2024_04_23_1_MAT008,cell445,1,"rewardTime"
session_2024_04_23_1_MAT008,cell446,0,""
session_2024_04_23_1_MAT008,cell447,1,"rewardTime"
session_2024_04_23_1_MAT008,cell448,0,""
session_2024_04_23_1_MAT008,cell449,1,"rewardTime"
session_2024_04_23_1_MAT008,cell450,0,""
session_2024_04_23_1_MAT008,cell451,1,"stimulusOnsetTime"
session_2024_04_23_1_MAT008,cell452,1,"stimulusOnsetTime"
session_2024_04_23_1_MAT008,cell453,0,""
session_2024_04_23_1_MAT008,cell454,0,""
session_2024_04_23_1_MAT008,cell455,1,"stimulusOnsetTime"
session_2024_04_23_1_MAT008,cell456,1,"rewardTime"
session_2024_04_23_1_MAT008,cell457,1,"stimulusOnsetTime"
session_2024_04_23_1_MAT008,cell458,0,""
session_2024_04_23_1_MAT008,cell459,0,""
session_2024_04_23_1_MAT008,cell460,0,""
session_2024_04_23_1_MAT008,cell461,0,""
session_2024_04_23_1_MAT008,cell462,0,""
session_2024_04_23_1_MAT008,cell463,1,"rewardTime"
session_2024_04_23_1_MAT008,cell464,0,""
session_2024_04_23_1_MAT008,cell465,0,""
session_2024_04_23_1_MAT008,cell466,1,"rewardTime"
session_2024_04_23_1_MAT008,cell467,1,"rewardTime"
session_2024_04_23_1_MAT008,cell468,1,"stimulusOnsetTime"
session_2024_04_23_1_MAT008,cell469,0,""
session_2024_04_23_1_MAT008,cell470,0,""
session_2024_04_23_1_MAT008,cell471,2,"stimulusOnsetTime,rewardTime"
session_2024_04_23_1_MAT008,cell472,0,""
session_2024_04_23_1_MAT008,cell473,0,""
session_2024_04_23_1_MAT008,cell474,1,"rewardTime"
session_2024_04_23_1_MAT008,cell475,0,""
session_2024_04_23_1_MAT008,cell476,1,"rewardTime"
session_2024_04_23_1_MAT008,cell477,0,""
session_2024_04_23_1_MAT008,cell478,0,""
session_2024_04_23_1_MAT008,cell479,1,"stimulusOnsetTime"
session_2024_04_23_1_MAT008,cell480,1,"stimulusOnsetTime"
session_2024_04_23_1_MAT008,cell481,1,"rewardTime"
session_2024_04_23_1_MAT008,cell482,0,""
session_2024_04_23_1_MAT008,cell483,1,"rewardTime"
session_2024_04_23_1_MAT008,cell484,0,""
session_2024_04_23_1_MAT008,cell485,0,""
session_2024_04_23_1_MAT008,cell486,0,""
session_2024_04_23_1_MAT008,cell487,2,"stimulusOnsetTime,rewardTime"
session_2024_04_23_1_MAT008,cell488,2,"stimulusOnsetTime,rewardTime"
session_2024_04_23_1_MAT008,cell489,0,""
session_2024_04_23_1_MAT008,cell490,0,""
session_2024_04_23_1_MAT008,cell491,0,""
session_2024_04_23_1_MAT008,cell492,1,"rewardTime"
session_2024_04_23_1_MAT008,cell493,1,"rewardTime"
session_2024_04_23_1_MAT008,cell494,0,""
session_2024_04_23_1_MAT008,cell495,0,""
session_2024_04_23_1_MAT008,cell496,0,""
session_2024_04_23_1_MAT008,cell497,2,"stimulusOnsetTime,rewardTime"
session_2024_04_23_1_MAT008,cell498,0,""
session_2024_04_23_1_MAT008,cell499,0,""
session_2024_04_23_1_MAT008,cell500,0,""
session_2024_04_23_1_MAT008,cell501,0,""
session_2024_04_23_1_MAT008,cell502,0,""
session_2024_04_23_1_MAT008,cell503,0,""
session_2024_04_23_1_MAT008,cell504,0,""
session_2024_04_23_1_MAT008,cell505,1,"stimulusOnsetTime"
session_2024_04_23_1_MAT008,cell506,0,""
session_2024_04_23_1_MAT008,cell507,0,""
session_2024_04_23_1_MAT008,cell508,1,"stimulusOnsetTime"
session_2024_04_23_1_MAT008,cell509,0,""
session_2024_04_23_1_MAT008,cell510,0,""
session_2024_04_23_1_MAT008,cell511,0,""
session_2024_04_23_1_MAT008,cell512,0,""
session_2024_04_23_1_MAT008,cell513,0,""
session_2024_04_23_1_MAT008,cell514,0,""
session_2024_04_23_1_MAT008,cell515,1,"rewardTime"
session_2024_04_23_1_MAT008,cell516,2,"stimulusOnsetTime,rewardTime"
session_2024_04_23_1_MAT008,cell517,1,"stimulusOnsetTime"
session_2024_04_23_1_MAT008,cell518,1,"rewardTime"
session_2024_04_23_1_MAT008,cell519,0,""
session_2024_04_23_1_MAT008,cell520,0,""
session_2024_04_23_1_MAT008,cell521,0,""
session_2024_04_23_1_MAT008,cell522,0,""
session_2024_04_23_1_MAT008,cell523,1,"rewardTime"
session_2024_04_23_1_MAT008,cell524,0,""
session_2024_04_23_1_MAT008,cell525,0,""
session_2024_04_23_1_MAT008,cell526,0,""
session_2024_04_23_1_MAT008,cell527,0,""
session_2024_04_23_1_MAT008,cell528,2,"stimulusOnsetTime,rewardTime"
session_2024_04_23_1_MAT008,cell529,1,"rewardTime"
session_2024_04_23_1_MAT008,cell530,0,""
session_2024_04_23_1_MAT008,cell531,2,"stimulusOnsetTime,rewardTime"
session_2024_04_23_1_MAT008,cell532,0,""
session_2024_04_23_1_MAT008,cell533,0,""
session_2024_04_23_1_MAT008,cell534,1,"rewardTime"
session_2024_04_23_1_MAT008,cell535,1,"stimulusOnsetTime"
session_2024_04_23_1_MAT008,cell536,0,""
session_2024_04_23_1_MAT008,cell537,0,""
session_2024_04_23_1_MAT008,cell538,0,""
session_2024_04_23_1_MAT008,cell539,0,""
session_2024_04_23_1_MAT008,cell540,2,"stimulusOnsetTime,rewardTime"
session_2024_04_23_1_MAT008,cell541,2,"stimulusOnsetTime,rewardTime"
session_2024_04_23_1_MAT008,cell542,0,""
session_2024_04_23_1_MAT008,cell543,0,""
session_2024_04_23_1_MAT008,cell544,0,""
session_2024_04_23_1_MAT008,cell545,0,""
session_2024_04_23_1_MAT008,cell546,1,"stimulusOnsetTime"
session_2024_04_23_1_MAT008,cell547,0,""
session_2024_04_23_1_MAT008,cell548,1,"rewardTime"
session_2024_04_23_1_MAT008,cell549,0,""
session_2024_04_23_1_MAT008,cell550,1,"stimulusOnsetTime"
session_2024_04_23_1_MAT008,cell551,1,"rewardTime"
session_2024_04_23_1_MAT008,cell552,0,""
session_2024_04_23_1_MAT008,cell553,0,""
session_2024_04_23_1_MAT008,cell554,0,""
session_2024_04_23_1_MAT008,cell555,1,"rewardTime"
session_2024_04_23_1_MAT008,cell556,1,"stimulusOnsetTime"
session_2024_04_23_1_MAT008,cell557,0,""
session_2024_04_23_1_MAT008,cell558,0,""
session_2024_04_23_1_MAT008,cell559,0,""
session_2024_04_23_1_MAT008,cell560,0,""
session_2024_04_23_1_MAT008,cell561,2,"stimulusOnsetTime,rewardTime"
session_2024_04_23_1_MAT008,cell562,0,""
session_2024_04_23_1_MAT008,cell563,0,""
session_2024_04_23_1_MAT008,cell564,1,"rewardTime"
session_2024_04_23_1_MAT008,cell565,0,""
session_2024_04_23_1_MAT008,cell566,0,""
session_2024_04_23_1_MAT008,cell567,0,""
session_2024_04_23_1_MAT008,cell568,0,""
session_2024_04_23_1_MAT008,cell569,0,""
session_2024_04_23_1_MAT008,cell570,0,""
session_2024_04_23_1_MAT008,cell571,0,""
session_2024_04_23_1_MAT008,cell572,1,"stimulusOnsetTime"
session_2024_04_23_1_MAT008,cell573,0,""
session_2024_04_23_1_MAT008,cell574,0,""
session_2024_04_23_1_MAT008,cell575,1,"stimulusOnsetTime"
session_2024_04_23_1_MAT008,cell576,1,"rewardTime"
session_2024_04_23_1_MAT008,cell577,0,""
session_2024_04_23_1_MAT008,cell578,2,"stimulusOnsetTime,rewardTime"
session_2024_04_23_1_MAT008,cell579,0,""
session_2024_04_23_1_MAT008,cell580,0,""
session_2024_04_23_1_MAT008,cell581,0,""
session_2024_04_23_1_MAT008,cell582,0,""
session_2024_04_23_1_MAT008,cell583,0,""
session_2024_04_23_1_MAT008,cell584,0,""
session_2024_04_23_1_MAT008,cell585,0,""
session_2024_04_23_1_MAT008,cell586,0,""
session_2024_04_23_1_MAT008,cell587,2,"stimulusOnsetTime,rewardTime"
session_2024_04_23_1_MAT008,cell588,0,""
session_2024_04_23_1_MAT008,cell589,0,""
session_2024_04_23_1_MAT008,cell590,1,"rewardTime"
session_2024_04_23_1_MAT008,cell591,0,""
session_2024_04_23_1_MAT008,cell592,1,"stimulusOnsetTime"
session_2024_04_23_1_MAT008,cell593,0,""
session_2024_04_23_1_MAT008,cell594,1,"stimulusOnsetTime"
session_2024_04_23_1_MAT008,cell595,0,""
session_2024_04_23_1_MAT008,cell596,2,"stimulusOnsetTime,rewardTime"
session_2024_04_23_1_MAT008,cell597,1,"rewardTime"
session_2024_04_23_1_MAT008,cell598,1,"stimulusOnsetTime"
session_2024_04_23_1_MAT008,cell599,0,""
session_2024_04_23_1_MAT008,cell600,1,"rewardTime"
session_2024_04_23_1_MAT008,cell601,1,"stimulusOnsetTime"
session_2024_04_23_1_MAT008,cell602,1,"rewardTime"
session_2024_04_23_1_MAT008,cell603,1,"stimulusOnsetTime"
session_2024_04_23_1_MAT008,cell604,0,""
session_2024_04_23_1_MAT008,cell605,1,"stimulusOnsetTime"
session_2024_04_23_1_MAT008,cell606,0,""
session_2024_04_23_1_MAT008,cell607,0,""
session_2024_04_23_1_MAT008,cell608,1,"rewardTime"
session_2024_04_23_1_MAT008,cell609,0,""
session_2024_04_23_1_MAT008,cell610,1,"rewardTime"
session_2024_04_23_1_MAT008,cell611,0,""
session_2024_04_23_1_MAT008,cell612,1,"stimulusOnsetTime"
session_2024_04_23_1_MAT008,cell613,0,""
session_2024_04_23_1_MAT008,cell614,2,"stimulusOnsetTime,rewardTime"
session_2024_04_23_1_MAT008,cell615,0,""
session_2024_04_23_1_MAT008,cell616,0,""
session_2024_04_23_1_MAT008,cell617,1,"stimulusOnsetTime"
session_2024_04_23_1_MAT008,cell618,1,"stimulusOnsetTime"
session_2024_04_23_1_MAT008,cell619,0,""
session_2024_04_23_1_MAT008,cell620,0,""
session_2024_04_23_1_MAT008,cell621,0,""
session_2024_04_23_1_MAT008,cell622,0,""
session_2024_04_23_1_MAT008,cell623,0,""
session_2024_04_23_1_MAT008,cell624,0,""
session_2024_04_23_1_MAT008,cell625,0,""
session_2024_04_23_1_MAT008,cell626,2,"stimulusOnsetTime,rewardTime"
session_2024_04_23_1_MAT008,cell627,0,""
session_2024_04_23_1_MAT008,cell628,0,""
session_2024_04_23_1_MAT008,cell629,0,""
session_2024_04_23_1_MAT008,cell630,2,"stimulusOnsetTime,rewardTime"
session_2024_04_23_1_MAT008,cell631,0,""
session_2024_04_23_1_MAT008,cell632,0,""
session_2024_04_23_1_MAT008,cell633,1,"stimulusOnsetTime"
session_2024_04_23_1_MAT008,cell634,0,""
session_2024_04_23_1_MAT008,cell635,0,""
session_2024_04_23_1_MAT008,cell636,0,""
session_2024_04_23_1_MAT008,cell637,1,"stimulusOnsetTime"
session_2024_04_23_1_MAT008,cell638,0,""
session_2024_04_23_1_MAT008,cell639,0,""
session_2024_04_23_1_MAT008,cell640,0,""
session_2024_04_23_1_MAT008,cell641,1,"rewardTime"
session_2024_04_23_1_MAT008,cell642,0,""
session_2024_04_23_1_MAT008,cell643,0,""
session_2024_04_23_1_MAT008,cell644,0,""
session_2024_04_23_1_MAT008,cell645,0,""
session_2024_04_23_1_MAT008,cell646,1,"rewardTime"
session_2024_04_23_1_MAT008,cell647,0,""
session_2024_04_23_1_MAT008,cell648,0,""
session_2024_04_23_1_MAT008,cell649,2,"stimulusOnsetTime,rewardTime"
session_2024_04_23_1_MAT008,cell650,0,""
session_2024_04_23_1_MAT008,cell651,0,""
session_2024_04_23_1_MAT008,cell652,0,""
session_2024_04_23_1_MAT008,cell653,1,"rewardTime"
session_2024_04_23_1_MAT008,cell654,1,"stimulusOnsetTime"
session_2024_04_23_1_MAT008,cell655,0,""
session_2024_04_23_1_MAT008,cell656,1,"rewardTime"
session_2024_04_23_1_MAT008,cell657,0,""
session_2024_04_23_1_MAT008,cell658,0,""
session_2024_04_23_1_MAT008,cell659,0,""
session_2024_04_23_1_MAT008,cell660,0,""
session_2024_04_23_1_MAT008,cell661,0,""
session_2024_04_23_1_MAT008,cell662,0,""
session_2024_04_23_1_MAT008,cell663,0,""
session_2024_04_23_1_MAT008,cell664,1,"rewardTime"
session_2024_04_23_1_MAT008,cell665,1,"rewardTime"
session_2024_04_23_1_MAT008,cell666,0,""
session_2024_04_23_1_MAT008,cell667,0,""
session_2024_04_23_1_MAT008,cell668,0,""
session_2024_04_23_1_MAT008,cell669,0,""
session_2024_04_23_1_MAT008,cell670,0,""
session_2024_04_23_1_MAT008,cell671,0,""
session_2024_04_23_1_MAT008,cell672,1,"rewardTime"
session_2024_04_23_1_MAT008,cell673,0,""
session_2024_04_23_1_MAT008,cell674,0,""
session_2024_04_23_1_MAT008,cell675,0,""
session_2024_04_23_1_MAT008,cell676,0,""
session_2024_04_23_1_MAT008,cell677,0,""
session_2024_04_23_1_MAT008,cell678,1,"stimulusOnsetTime"
session_2024_04_23_1_MAT008,cell679,0,""
session_2024_04_23_1_MAT008,cell680,0,""
session_2024_04_23_1_MAT008,cell681,0,""
session_2024_04_23_1_MAT008,cell682,1,"stimulusOnsetTime"
session_2024_04_23_1_MAT008,cell683,1,"rewardTime"
session_2024_04_23_1_MAT008,cell684,1,"stimulusOnsetTime"
session_2024_04_23_1_MAT008,cell685,0,""
session_2024_04_23_1_MAT008,cell686,0,""
session_2024_04_23_1_MAT008,cell687,0,""
session_2024_04_23_1_MAT008,cell688,0,""
session_2024_04_23_1_MAT008,cell689,1,"stimulusOnsetTime"
session_2024_04_23_1_MAT008,cell690,1,"stimulusOnsetTime"
session_2024_04_23_1_MAT008,cell691,1,"rewardTime"
session_2024_04_23_1_MAT008,cell692,1,"stimulusOnsetTime"
session_2024_04_23_1_MAT008,cell693,1,"rewardTime"
session_2024_04_23_1_MAT008,cell694,0,""
session_2024_04_23_1_MAT008,cell695,0,""
session_2024_04_23_1_MAT008,cell696,0,""
session_2024_04_23_1_MAT008,cell697,0,""
session_2024_04_23_1_MAT008,cell698,0,""
session_2024_04_23_1_MAT008,cell699,0,""
session_2024_04_23_1_MAT008,cell700,0,""
session_2024_04_23_1_MAT008,cell701,0,""
session_2024_04_23_1_MAT008,cell702,0,""
session_2024_04_23_1_MAT008,cell703,0,""
session_2024_04_23_1_MAT008,cell704,0,""
session_2024_04_23_1_MAT008,cell705,2,"stimulusOnsetTime,rewardTime"
session_2024_04_23_1_MAT008,cell706,0,""
session_2024_04_23_1_MAT008,cell707,0,""
session_2024_04_23_1_MAT008,cell708,0,""
session_2024_04_23_1_MAT008,cell709,0,""
session_2024_04_23_1_MAT008,cell710,0,""
session_2024_04_23_1_MAT008,cell711,0,""
session_2024_04_23_1_MAT008,cell712,2,"stimulusOnsetTime,rewardTime"
session_2024_04_23_1_MAT008,cell713,1,"stimulusOnsetTime"
session_2024_04_23_1_MAT008,cell714,0,""
session_2024_04_23_1_MAT008,cell715,0,""
session_2024_04_23_1_MAT008,cell716,0,""
session_2024_04_23_1_MAT008,cell717,0,""
session_2024_04_23_1_MAT008,cell718,0,""
session_2024_04_23_1_MAT008,cell719,0,""
session_2024_04_23_1_MAT008,cell720,0,""
session_2024_04_23_1_MAT008,cell721,0,""
session_2024_04_23_1_MAT008,cell722,0,""
session_2024_04_23_1_MAT008,cell723,1,"rewardTime"
session_2024_04_23_1_MAT008,cell724,0,""
session_2024_04_23_1_MAT008,cell725,0,""
session_2024_04_23_1_MAT008,cell726,0,""
session_2024_04_23_1_MAT008,cell727,1,"stimulusOnsetTime"
session_2024_04_23_1_MAT008,cell728,1,"rewardTime"
session_2024_04_23_1_MAT008,cell729,2,"stimulusOnsetTime,rewardTime"
session_2024_04_23_1_MAT008,cell730,0,""
session_2024_04_23_1_MAT008,cell731,0,""
session_2024_04_23_1_MAT008,cell732,0,""
session_2024_04_23_1_MAT008,cell733,0,""
session_2024_04_23_1_MAT008,cell734,1,"rewardTime"
session_2024_04_23_1_MAT008,cell735,0,""
session_2024_04_23_1_MAT008,cell736,0,""
session_2024_04_23_1_MAT008,cell737,0,""
session_2024_04_23_1_MAT008,cell738,0,""
session_2024_04_23_1_MAT008,cell739,0,""
session_2024_04_23_1_MAT008,cell740,0,""
session_2024_04_23_1_MAT008,cell741,1,"stimulusOnsetTime"
session_2024_04_23_1_MAT008,cell742,0,""
session_2024_04_23_1_MAT008,cell743,0,""
session_2024_04_23_1_MAT008,cell744,0,""
session_2024_04_23_1_MAT008,cell745,1,"rewardTime"
session_2024_04_23_1_MAT008,cell746,0,""
session_2024_04_23_1_MAT008,cell747,1,"rewardTime"
session_2024_04_23_1_MAT008,cell748,0,""
session_2024_04_23_1_MAT008,cell749,0,""
session_2024_04_23_1_MAT008,cell750,0,""
session_2024_04_23_1_MAT008,cell751,2,"stimulusOnsetTime,rewardTime"
session_2024_04_23_1_MAT008,cell752,1,"stimulusOnsetTime"
session_2024_04_23_1_MAT008,cell753,1,"rewardTime"
session_2024_04_23_1_MAT008,cell754,1,"rewardTime"
session_2024_04_23_1_MAT008,cell755,0,""
session_2024_04_23_1_MAT008,cell756,0,""
session_2024_04_23_1_MAT008,cell757,0,""
session_2024_04_23_1_MAT008,cell758,1,"stimulusOnsetTime"
session_2024_04_23_1_MAT008,cell759,0,""
session_2024_04_23_1_MAT008,cell760,1,"rewardTime"
session_2024_04_23_1_MAT008,cell761,0,""
session_2024_04_23_1_MAT008,cell762,2,"stimulusOnsetTime,rewardTime"
session_2024_04_23_1_MAT008,cell763,1,"stimulusOnsetTime"
session_2024_04_23_1_MAT008,cell764,0,""
session_2024_04_23_1_MAT008,cell765,0,""
session_2024_04_23_1_MAT008,cell766,1,"rewardTime"
session_2024_04_23_1_MAT008,cell767,0,""
session_2024_04_23_1_MAT008,cell768,0,""
session_2024_04_23_1_MAT008,cell769,0,""
session_2024_04_23_1_MAT008,cell770,2,"stimulusOnsetTime,rewardTime"
session_2024_04_23_1_MAT008,cell771,0,""
session_2024_04_23_1_MAT008,cell772,1,"stimulusOnsetTime"
session_2024_04_23_1_MAT008,cell773,0,""
session_2024_04_23_1_MAT008,cell774,0,""
session_2024_04_23_1_MAT008,cell775,0,""
session_2024_04_23_1_MAT008,cell776,0,""
session_2024_04_23_1_MAT008,cell777,0,""
session_2024_04_23_1_MAT008,cell778,0,""
session_2024_04_23_1_MAT008,cell779,1,"rewardTime"
session_2024_04_23_1_MAT008,cell780,0,""
session_2024_04_23_1_MAT008,cell781,0,""
session_2024_04_23_1_MAT008,cell782,0,""
session_2024_04_23_1_MAT008,cell783,1,"rewardTime"
session_2024_04_23_1_MAT008,cell784,2,"stimulusOnsetTime,rewardTime"
session_2024_04_23_1_MAT008,cell785,0,""
session_2024_04_23_1_MAT008,cell786,1,"rewardTime"
session_2024_04_23_1_MAT008,cell787,0,""
session_2024_04_23_1_MAT008,cell788,1,"stimulusOnsetTime"
session_2024_04_23_1_MAT008,cell789,0,""
session_2024_04_23_1_MAT008,cell790,0,""
session_2024_04_23_1_MAT008,cell791,0,""
session_2024_04_23_1_MAT008,cell792,0,""
session_2024_04_23_1_MAT008,cell793,0,""
session_2024_04_23_1_MAT008,cell794,0,""
session_2024_04_23_1_MAT008,cell795,0,""
session_2024_04_23_1_MAT008,cell796,0,""
session_2024_04_23_1_MAT008,cell797,0,""
session_2024_04_23_1_MAT008,cell798,0,""
session_2024_04_23_1_MAT008,cell799,0,""
session_2024_04_23_1_MAT008,cell800,0,""
session_2024_04_23_1_MAT008,cell801,0,""
session_2024_04_23_1_MAT008,cell802,0,""
session_2024_04_23_1_MAT008,cell803,0,""
session_2024_04_23_1_MAT008,cell804,1,"rewardTime"
session_2024_04_23_1_MAT008,cell805,0,""
session_2024_04_23_1_MAT008,cell806,0,""
session_2024_04_23_1_MAT008,cell807,0,""
session_2024_04_23_1_MAT008,cell808,0,""
session_2024_04_23_1_MAT008,cell809,1,"rewardTime"
session_2024_04_23_1_MAT008,cell810,0,""
session_2024_04_23_1_MAT008,cell811,0,""
session_2024_04_23_1_MAT008,cell812,0,""
session_2024_04_23_1_MAT008,cell813,2,"stimulusOnsetTime,rewardTime"
session_2024_04_23_1_MAT008,cell814,0,""
session_2024_04_23_1_MAT008,cell815,2,"stimulusOnsetTime,rewardTime"
session_2024_04_23_1_MAT008,cell816,1,"stimulusOnsetTime"
session_2024_04_23_1_MAT008,cell817,0,""
session_2024_04_23_1_MAT008,cell818,0,""
session_2024_04_23_1_MAT008,cell819,1,"rewardTime"
session_2024_04_23_1_MAT008,cell820,0,""
session_2024_04_23_1_MAT008,cell821,0,""
session_2024_04_23_1_MAT008,cell822,0,""
session_2024_04_23_1_MAT008,cell823,0,""
session_2024_04_23_1_MAT008,cell824,1,"rewardTime"
session_2024_04_23_1_MAT008,cell825,1,"rewardTime"
session_2024_04_23_1_MAT008,cell826,0,""
session_2024_04_23_1_MAT008,cell827,0,""
session_2024_04_23_1_MAT008,cell828,0,""
session_2024_04_23_1_MAT008,cell829,0,""
session_2024_04_23_1_MAT008,cell830,0,""
session_2024_04_23_1_MAT008,cell831,0,""
session_2024_04_23_1_MAT008,cell832,0,""
session_2024_04_23_1_MAT008,cell833,1,"stimulusOnsetTime"
session_2024_04_23_1_MAT008,cell834,2,"stimulusOnsetTime,rewardTime"
session_2024_04_23_1_MAT008,cell835,0,""
session_2024_04_23_1_MAT008,cell836,0,""
session_2024_04_23_1_MAT008,cell837,0,""
session_2024_04_23_1_MAT008,cell838,0,""
session_2024_04_23_1_MAT008,cell839,0,""
session_2024_04_23_1_MAT008,cell840,0,""
session_2024_04_23_1_MAT008,cell841,1,"stimulusOnsetTime"
session_2024_04_23_1_MAT008,cell842,2,"stimulusOnsetTime,rewardTime"
session_2024_04_23_1_MAT008,cell843,1,"rewardTime"
session_2024_04_23_1_MAT008,cell844,0,""
session_2024_04_23_1_MAT008,cell845,0,""
session_2024_04_23_1_MAT008,cell846,1,"stimulusOnsetTime"
session_2024_04_23_1_MAT008,cell847,1,"rewardTime"
session_2024_04_23_1_MAT008,cell848,0,""
session_2024_04_23_1_MAT008,cell849,0,""
session_2024_04_23_1_MAT008,cell850,0,""
session_2024_04_23_1_MAT008,cell851,0,""
session_2024_04_23_1_MAT008,cell852,1,"stimulusOnsetTime"
session_2024_04_23_1_MAT008,cell853,0,""
session_2024_04_23_1_MAT008,cell854,0,""
session_2024_04_23_1_MAT008,cell855,0,""
session_2024_04_23_1_MAT008,cell856,0,""
session_2024_04_23_1_MAT008,cell857,0,""
session_2024_04_23_1_MAT008,cell858,0,""
session_2024_04_23_1_MAT008,cell859,0,""
session_2024_04_23_1_MAT008,cell860,0,""
session_2024_04_23_1_MAT008,cell861,1,"rewardTime"
session_2024_04_23_1_MAT008,cell862,1,"rewardTime"
session_2024_04_23_1_MAT008,cell863,1,"stimulusOnsetTime"
session_2024_04_23_1_MAT008,cell864,2,"stimulusOnsetTime,rewardTime"
session_2024_04_23_1_MAT008,cell865,0,""
session_2024_04_23_1_MAT008,cell866,0,""
session_2024_04_23_1_MAT008,cell867,1,"rewardTime"
session_2024_04_23_1_MAT008,cell868,0,""
session_2024_04_23_1_MAT008,cell869,0,""
session_2024_04_23_1_MAT008,cell870,2,"stimulusOnsetTime,rewardTime"
session_2024_04_23_1_MAT008,cell871,0,""
session_2024_04_23_1_MAT008,cell872,1,"stimulusOnsetTime"
session_2024_04_23_1_MAT008,cell873,0,""
session_2024_04_23_1_MAT008,cell874,1,"rewardTime"
session_2024_04_23_1_MAT008,cell875,0,""
session_2024_04_23_1_MAT008,cell876,1,"rewardTime"
session_2024_04_23_1_MAT008,cell877,0,""
session_2024_04_23_1_MAT008,cell878,0,""
session_2024_04_23_1_MAT008,cell879,2,"stimulusOnsetTime,rewardTime"
session_2024_04_23_1_MAT008,cell880,0,""
session_2024_04_23_1_MAT008,cell881,2,"stimulusOnsetTime,rewardTime"
session_2024_04_23_1_MAT008,cell882,0,""
session_2024_04_23_1_MAT008,cell883,0,""
session_2024_04_23_1_MAT008,cell884,2,"stimulusOnsetTime,rewardTime"
session_2024_04_23_1_MAT008,cell885,0,""
session_2024_04_23_1_MAT008,cell886,0,""
session_2024_04_23_1_MAT008,cell887,0,""
session_2024_04_23_1_MAT008,cell888,0,""
session_2024_04_23_1_MAT008,cell889,0,""
session_2024_04_23_1_MAT008,cell890,0,""
session_2024_04_23_1_MAT008,cell891,1,"stimulusOnsetTime"
session_2024_04_23_1_MAT008,cell892,0,""
session_2024_04_23_1_MAT008,cell893,0,""
session_2024_04_23_1_MAT008,cell894,2,"stimulusOnsetTime,rewardTime"
session_2024_04_23_1_MAT008,cell895,0,""
session_2024_04_23_1_MAT008,cell896,0,""
session_2024_04_23_1_MAT008,cell897,2,"stimulusOnsetTime,rewardTime"
session_2024_04_23_1_MAT008,cell898,1,"stimulusOnsetTime"
session_2024_04_23_1_MAT008,cell899,0,""
session_2024_04_23_1_MAT008,cell900,0,""
session_2024_04_23_1_MAT008,cell901,0,""
session_2024_04_23_1_MAT008,cell902,1,"rewardTime"
session_2024_04_23_1_MAT008,cell903,0,""
session_2024_04_23_1_MAT008,cell904,0,""
session_2024_04_23_1_MAT008,cell905,0,""
session_2024_04_23_1_MAT008,cell906,0,""
session_2024_04_23_1_MAT008,cell907,0,""
session_2024_04_23_1_MAT008,cell908,0,""
session_2024_04_23_1_MAT008,cell909,0,""
session_2024_04_23_1_MAT008,cell910,2,"stimulusOnsetTime,rewardTime"
session_2024_04_23_1_MAT008,cell911,0,""
session_2024_04_23_1_MAT008,cell912,1,"stimulusOnsetTime"
session_2024_04_23_1_MAT008,cell913,0,""
session_2024_04_23_1_MAT008,cell914,0,""
session_2024_04_23_1_MAT008,cell915,0,""
session_2024_04_23_1_MAT008,cell916,0,""
session_2024_04_23_1_MAT008,cell917,2,"stimulusOnsetTime,rewardTime"
session_2024_04_23_1_MAT008,cell918,1,"rewardTime"
session_2024_04_23_1_MAT008,cell919,1,"stimulusOnsetTime"
session_2024_04_23_1_MAT008,cell920,0,""
session_2024_04_23_1_MAT008,cell921,0,""
session_2024_04_23_1_MAT008,cell922,1,"stimulusOnsetTime"
session_2024_04_23_1_MAT008,cell923,2,"stimulusOnsetTime,rewardTime"
session_2024_04_23_1_MAT008,cell924,0,""
session_2024_04_23_1_MAT008,cell925,0,""
session_2024_04_23_1_MAT008,cell926,1,"stimulusOnsetTime"
session_2024_04_23_1_MAT008,cell927,0,""
session_2024_04_23_1_MAT008,cell928,1,"rewardTime"
session_2024_04_23_1_MAT008,cell929,1,"stimulusOnsetTime"
session_2024_04_23_1_MAT008,cell930,0,""
session_2024_04_23_1_MAT008,cell931,1,"stimulusOnsetTime"
session_2024_04_23_1_MAT008,cell932,1,"stimulusOnsetTime"
session_2024_04_23_1_MAT008,cell933,0,""
session_2024_04_23_1_MAT008,cell934,1,"stimulusOnsetTime"
session_2024_04_23_1_MAT008,cell935,1,"stimulusOnsetTime"
session_2024_04_23_1_MAT008,cell936,0,""
session_2024_04_23_1_MAT008,cell937,1,"rewardTime"
session_2024_04_23_1_MAT008,cell938,0,""
session_2024_04_23_1_MAT008,cell939,2,"stimulusOnsetTime,rewardTime"
session_2024_04_23_1_MAT008,cell940,0,""
session_2024_04_23_1_MAT008,cell941,2,"stimulusOnsetTime,rewardTime"
session_2024_04_23_1_MAT008,cell942,0,""
session_2024_04_23_1_MAT008,cell943,0,""
session_2024_04_23_1_MAT008,cell944,0,""
session_2024_04_23_1_MAT008,cell945,0,""
session_2024_04_23_1_MAT008,cell946,0,""
session_2024_04_23_1_MAT008,cell947,0,""
session_2024_04_23_1_MAT008,cell948,2,"stimulusOnsetTime,rewardTime"
session_2024_04_23_1_MAT008,cell949,0,""
session_2024_04_23_1_MAT008,cell950,1,"rewardTime"
session_2024_04_23_1_MAT008,cell951,0,""
session_2024_04_23_1_MAT008,cell952,0,""
session_2024_04_23_1_MAT008,cell953,0,""
session_2024_04_23_1_MAT008,cell954,1,"stimulusOnsetTime"
session_2024_04_23_1_MAT008,cell955,0,""
session_2024_04_23_1_MAT008,cell956,1,"rewardTime"
session_2024_04_23_1_MAT008,cell957,0,""
session_2024_04_23_1_MAT008,cell958,1,"rewardTime"
session_2024_04_23_1_MAT008,cell959,0,""
session_2024_04_23_1_MAT008,cell960,0,""
session_2024_04_23_1_MAT008,cell961,0,""
session_2024_04_23_1_MAT008,cell962,2,"stimulusOnsetTime,rewardTime"
session_2024_04_23_1_MAT008,cell963,1,"stimulusOnsetTime"
session_2024_04_23_1_MAT008,cell964,0,""
session_2024_04_23_1_MAT008,cell965,0,""
session_2024_04_23_1_MAT008,cell966,0,""
session_2024_04_23_1_MAT008,cell967,0,""
session_2024_04_23_1_MAT008,cell968,0,""
session_2024_04_23_1_MAT008,cell969,1,"rewardTime"
session_2024_04_23_1_MAT008,cell970,1,"stimulusOnsetTime"
session_2024_04_23_1_MAT008,cell971,0,""
session_2024_04_23_1_MAT008,cell972,2,"stimulusOnsetTime,rewardTime"
session_2024_04_23_1_MAT008,cell973,0,""
session_2024_04_23_1_MAT008,cell974,0,""
session_2024_04_23_1_MAT008,cell975,0,""
session_2024_04_23_1_MAT008,cell976,1,"rewardTime"
session_2024_04_23_1_MAT008,cell977,1,"rewardTime"
session_2024_04_23_1_MAT008,cell978,0,""
session_2024_04_23_1_MAT008,cell979,0,""
session_2024_04_23_1_MAT008,cell980,2,"stimulusOnsetTime,rewardTime"
session_2024_04_23_1_MAT008,cell981,0,""
session_2024_04_23_1_MAT008,cell982,0,""
session_2024_04_23_1_MAT008,cell983,0,""
session_2024_04_23_1_MAT008,cell984,0,""
session_2024_04_23_1_MAT008,cell985,0,""
session_2024_04_23_1_MAT008,cell986,0,""
session_2024_04_23_1_MAT008,cell987,1,"rewardTime"
session_2024_04_23_1_MAT008,cell988,2,"stimulusOnsetTime,rewardTime"
session_2024_04_23_1_MAT008,cell989,0,""
session_2024_04_23_1_MAT008,cell990,0,""
session_2024_04_23_1_MAT008,cell991,2,"stimulusOnsetTime,rewardTime"
session_2024_04_23_1_MAT008,cell992,1,"rewardTime"
session_2024_04_23_1_MAT008,cell993,0,""
session_2024_04_23_1_MAT008,cell994,2,"stimulusOnsetTime,rewardTime"
session_2024_04_23_1_MAT008,cell995,0,""
session_2024_04_23_1_MAT008,cell996,0,""
session_2024_04_23_1_MAT008,cell997,0,""
session_2024_04_23_1_MAT008,cell998,1,"stimulusOnsetTime"
session_2024_04_23_1_MAT008,cell999,1,"rewardTime"
session_2024_04_23_1_MAT008,cell1000,0,""
session_2024_04_23_1_MAT008,cell1001,2,"stimulusOnsetTime,rewardTime"
session_2024_04_23_1_MAT008,cell1002,0,""
session_2024_04_23_1_MAT008,cell1003,0,""
session_2024_04_23_1_MAT008,cell1004,1,"stimulusOnsetTime"
session_2024_04_23_1_MAT008,cell1005,0,""
session_2024_04_23_1_MAT008,cell1006,0,""
session_2024_04_23_1_MAT008,cell1007,1,"rewardTime"
session_2024_04_23_1_MAT008,cell1008,0,""
session_2024_04_23_1_MAT008,cell1009,0,""
session_2024_04_23_1_MAT008,cell1010,0,""
session_2024_04_23_1_MAT008,cell1011,0,""
session_2024_04_23_1_MAT008,cell1012,0,""
session_2024_04_23_1_MAT008,cell1013,0,""
session_2024_04_23_1_MAT008,cell1014,0,""
session_2024_04_23_1_MAT008,cell1015,1,"rewardTime"
session_2024_04_23_1_MAT008,cell1016,1,"rewardTime"
session_2024_04_23_1_MAT008,cell1017,0,""
session_2024_04_23_1_MAT008,cell1018,0,""
session_2024_04_23_1_MAT008,cell1019,0,""
session_2024_04_23_1_MAT008,cell1020,1,"stimulusOnsetTime"
session_2024_04_23_1_MAT008,cell1021,0,""
session_2024_04_23_1_MAT008,cell1022,0,""
session_2024_04_23_1_MAT008,cell1023,2,"stimulusOnsetTime,rewardTime"
session_2024_04_23_1_MAT008,cell1024,0,""
session_2024_04_23_1_MAT008,cell1025,0,""
session_2024_04_23_1_MAT008,cell1026,0,""
session_2024_04_23_1_MAT008,cell1027,0,""
session_2024_04_23_1_MAT008,cell1028,0,""
session_2024_04_23_1_MAT008,cell1029,0,""
session_2024_04_23_1_MAT008,cell1030,0,""
session_2024_04_23_1_MAT008,cell1031,0,""
session_2024_04_23_1_MAT008,cell1032,0,""
session_2024_04_23_1_MAT008,cell1033,0,""
session_2024_04_23_1_MAT008,cell1034,0,""
session_2024_04_23_1_MAT008,cell1035,1,"stimulusOnsetTime"
session_2024_04_23_1_MAT008,cell1036,0,""
session_2024_04_23_1_MAT008,cell1037,1,"rewardTime"
session_2024_04_23_1_MAT008,cell1038,0,""
session_2024_04_23_1_MAT008,cell1039,1,"stimulusOnsetTime"
session_2024_04_23_1_MAT008,cell1040,0,""
session_2024_04_23_1_MAT008,cell1041,0,""
session_2024_04_23_1_MAT008,cell1042,0,""
session_2024_04_23_1_MAT008,cell1043,1,"stimulusOnsetTime"
session_2024_04_23_1_MAT008,cell1044,0,""
session_2024_04_23_1_MAT008,cell1045,0,""
session_2024_04_23_1_MAT008,cell1046,0,""
session_2024_04_23_1_MAT008,cell1047,1,"stimulusOnsetTime"
session_2024_04_23_1_MAT008,cell1048,0,""
session_2024_04_23_1_MAT008,cell1049,0,""
session_2024_04_23_1_MAT008,cell1050,0,""
session_2024_04_23_1_MAT008,cell1051,0,""
session_2024_04_23_1_MAT008,cell1052,0,""
session_2024_04_23_1_MAT008,cell1053,0,""
session_2024_04_23_1_MAT008,cell1054,0,""
session_2024_04_23_1_MAT008,cell1055,2,"stimulusOnsetTime,rewardTime"
session_2024_04_23_1_MAT008,cell1056,1,"stimulusOnsetTime"
session_2024_04_23_1_MAT008,cell1057,0,""
session_2024_04_23_1_MAT008,cell1058,0,""
session_2024_04_23_1_MAT008,cell1059,2,"stimulusOnsetTime,rewardTime"
session_2024_04_23_1_MAT008,cell1060,0,""
session_2024_04_23_1_MAT008,cell1061,1,"rewardTime"
session_2024_04_23_1_MAT008,cell1062,0,""
session_2024_04_23_1_MAT008,cell1063,1,"stimulusOnsetTime"
session_2024_04_23_1_MAT008,cell1064,0,""
session_2024_04_23_1_MAT008,cell1065,0,""
session_2024_04_23_1_MAT008,cell1066,0,""
session_2024_04_23_1_MAT008,cell1067,0,""
session_2024_04_23_1_MAT008,cell1068,1,"stimulusOnsetTime"
session_2024_04_23_1_MAT008,cell1069,0,""
session_2024_04_23_1_MAT008,cell1070,0,""
session_2024_04_23_1_MAT008,cell1071,1,"rewardTime"
session_2024_04_23_1_MAT008,cell1072,0,""
session_2024_04_23_1_MAT008,cell1073,0,""
session_2024_04_23_1_MAT008,cell1074,2,"stimulusOnsetTime,rewardTime"
session_2024_04_23_1_MAT008,cell1075,2,"stimulusOnsetTime,rewardTime"
session_2024_04_23_1_MAT008,cell1076,0,""
session_2024_04_23_1_MAT008,cell1077,1,"stimulusOnsetTime"
session_2024_04_23_1_MAT008,cell1078,0,""
session_2024_04_23_1_MAT008,cell1079,0,""
session_2024_04_23_1_MAT008,cell1080,0,""
session_2024_04_23_1_MAT008,cell1081,1,"rewardTime"
session_2024_04_23_1_MAT008,cell1082,1,"rewardTime"
session_2024_04_23_1_MAT008,cell1083,0,""
session_2024_04_23_1_MAT008,cell1084,0,""
session_2024_04_23_1_MAT008,cell1085,0,""
session_2024_04_23_1_MAT008,cell1086,2,"stimulusOnsetTime,rewardTime"
session_2024_04_23_1_MAT008,cell1087,1,"stimulusOnsetTime"
session_2024_04_23_1_MAT008,cell1088,0,""
session_2024_04_23_1_MAT008,cell1089,0,""
session_2024_04_23_1_MAT008,cell1090,1,"stimulusOnsetTime"
session_2024_04_23_1_MAT008,cell1091,1,"stimulusOnsetTime"
session_2024_04_23_1_MAT008,cell1092,0,""
session_2024_04_23_1_MAT008,cell1093,2,"stimulusOnsetTime,rewardTime"
session_2024_04_23_1_MAT008,cell1094,1,"stimulusOnsetTime"
session_2024_04_23_1_MAT008,cell1095,0,""
session_2024_04_23_1_MAT008,cell1096,0,""
session_2024_04_23_1_MAT008,cell1097,1,"stimulusOnsetTime"
session_2024_04_23_1_MAT008,cell1098,1,"stimulusOnsetTime"
session_2024_04_23_1_MAT008,cell1099,2,"stimulusOnsetTime,rewardTime"
session_2024_04_23_1_MAT008,cell1100,0,""
session_2024_04_23_1_MAT008,cell1101,2,"stimulusOnsetTime,rewardTime"
session_2024_04_23_1_MAT008,cell1102,2,"stimulusOnsetTime,rewardTime"
session_2024_04_23_1_MAT008,cell1103,2,"stimulusOnsetTime,rewardTime"
session_2024_04_23_1_MAT008,cell1104,0,""
session_2024_04_23_1_MAT008,cell1105,0,""
session_2024_04_23_1_MAT008,cell1106,0,""
session_2024_04_23_1_MAT008,cell1107,0,""
session_2024_04_23_1_MAT008,cell1108,0,""
session_2024_04_23_1_MAT008,cell1109,1,"rewardTime"
session_2024_04_23_1_MAT008,cell1110,0,""
session_2024_04_23_1_MAT008,cell1111,1,"rewardTime"
session_2024_04_23_1_MAT008,cell1112,1,"stimulusOnsetTime"
session_2024_04_23_1_MAT008,cell1113,0,""
session_2024_04_23_1_MAT008,cell1114,0,""
session_2024_04_23_1_MAT008,cell1115,0,""
session_2024_04_23_1_MAT008,cell1116,1,"stimulusOnsetTime"
session_2024_04_23_1_MAT008,cell1117,0,""
session_2024_04_23_1_MAT008,cell1118,1,"rewardTime"
session_2024_04_23_1_MAT008,cell1119,1,"rewardTime"
session_2024_04_23_1_MAT008,cell1120,0,""
session_2024_04_23_1_MAT008,cell1121,0,""
session_2024_04_23_1_MAT008,cell1122,1,"stimulusOnsetTime"
session_2024_04_23_1_MAT008,cell1123,0,""
session_2024_04_23_1_MAT008,cell1124,0,""
session_2024_04_23_1_MAT008,cell1125,0,""
session_2024_04_23_1_MAT008,cell1126,0,""
session_2024_04_23_1_MAT008,cell1127,0,""
session_2024_04_23_1_MAT008,cell1128,1,"stimulusOnsetTime"
session_2024_04_23_1_MAT008,cell1129,1,"rewardTime"
session_2024_04_23_1_MAT008,cell1130,0,""
session_2024_04_23_1_MAT008,cell1131,1,"stimulusOnsetTime"
session_2024_04_23_1_MAT008,cell1132,1,"rewardTime"
session_2024_04_23_1_MAT008,cell1133,0,""
session_2024_04_23_1_MAT008,cell1134,0,""
session_2024_04_23_1_MAT008,cell1135,0,""
session_2024_04_23_1_MAT008,cell1136,0,""
session_2024_04_23_1_MAT008,cell1137,1,"rewardTime"
session_2024_04_23_1_MAT008,cell1138,0,""
session_2024_04_23_1_MAT008,cell1139,0,""
session_2024_04_23_1_MAT008,cell1140,0,""
session_2024_04_23_1_MAT008,cell1141,1,"rewardTime"
session_2024_04_23_1_MAT008,cell1142,2,"stimulusOnsetTime,rewardTime"
session_2024_04_23_1_MAT008,cell1143,0,""
session_2024_04_23_1_MAT008,cell1144,0,""
session_2024_04_23_1_MAT008,cell1145,2,"stimulusOnsetTime,rewardTime"
session_2024_04_23_1_MAT008,cell1146,0,""
session_2024_04_23_1_MAT008,cell1147,1,"rewardTime"
session_2024_04_23_1_MAT008,cell1148,0,""
session_2024_04_23_1_MAT008,cell1149,1,"rewardTime"
session_2024_04_23_1_MAT008,cell1150,0,""
session_2024_04_23_1_MAT008,cell1151,2,"stimulusOnsetTime,rewardTime"
session_2024_04_23_1_MAT008,cell1152,2,"stimulusOnsetTime,rewardTime"
session_2024_04_23_1_MAT008,cell1153,1,"rewardTime"
session_2024_04_23_1_MAT008,cell1154,0,""
session_2024_04_23_1_MAT008,cell1155,0,""
session_2024_04_23_1_MAT008,cell1156,0,""
session_2024_04_23_1_MAT008,cell1157,0,""
session_2024_04_23_1_MAT008,cell1158,0,""
session_2024_04_23_1_MAT008,cell1159,0,""
session_2024_04_23_1_MAT008,cell1160,2,"stimulusOnsetTime,rewardTime"
session_2024_04_23_1_MAT008,cell1161,0,""
session_2024_04_23_1_MAT008,cell1162,1,"stimulusOnsetTime"
session_2024_04_23_1_MAT008,cell1163,2,"stimulusOnsetTime,rewardTime"
session_2024_04_23_1_MAT008,cell1164,0,""
session_2024_04_23_1_MAT008,cell1165,0,""
session_2024_04_23_1_MAT008,cell1166,0,""
session_2024_04_23_1_MAT008,cell1167,0,""
session_2024_04_23_1_MAT008,cell1168,2,"stimulusOnsetTime,rewardTime"
session_2024_04_23_1_MAT008,cell1169,1,"stimulusOnsetTime"
session_2024_04_23_1_MAT008,cell1170,0,""
session_2024_04_23_1_MAT008,cell1171,0,""
session_2024_04_23_1_MAT008,cell1172,0,""
session_2024_04_23_1_MAT008,cell1173,0,""
session_2024_04_23_1_MAT008,cell1174,2,"stimulusOnsetTime,rewardTime"
session_2024_04_23_1_MAT008,cell1175,0,""
session_2024_04_23_1_MAT008,cell1176,0,""
session_2024_04_23_1_MAT008,cell1177,0,""
session_2024_04_23_1_MAT008,cell1178,0,""
session_2024_04_23_1_MAT008,cell1179,0,""
session_2024_04_23_1_MAT008,cell1180,0,""
session_2024_04_23_1_MAT008,cell1181,0,""
session_2024_04_23_1_MAT008,cell1182,1,"stimulusOnsetTime"
session_2024_04_23_1_MAT008,cell1183,0,""
session_2024_04_23_1_MAT008,cell1184,0,""
session_2024_04_23_1_MAT008,cell1185,0,""
session_2024_04_23_1_MAT008,cell1186,1,"rewardTime"
session_2024_04_23_1_MAT008,cell1187,0,""
session_2024_04_23_1_MAT008,cell1188,2,"stimulusOnsetTime,rewardTime"
session_2024_04_23_1_MAT008,cell1189,0,""
session_2024_04_23_1_MAT008,cell1190,2,"stimulusOnsetTime,rewardTime"
session_2024_04_23_1_MAT008,cell1191,0,""
session_2024_04_23_1_MAT008,cell1192,0,""
session_2024_04_23_1_MAT008,cell1193,0,""
session_2024_04_23_1_MAT008,cell1194,0,""
session_2024_04_23_1_MAT008,cell1195,2,"stimulusOnsetTime,rewardTime"
session_2024_04_23_1_MAT008,cell1196,2,"stimulusOnsetTime,rewardTime"
session_2024_04_23_1_MAT008,cell1197,0,""
session_2024_04_23_1_MAT008,cell1198,0,""
session_2024_04_23_1_MAT008,cell1199,2,"stimulusOnsetTime,rewardTime"
session_2024_04_23_1_MAT008,cell1200,0,""
session_2024_04_23_1_MAT008,cell1201,2,"stimulusOnsetTime,rewardTime"
session_2024_04_23_1_MAT008,cell1202,0,""
session_2024_04_23_1_MAT008,cell1203,2,"stimulusOnsetTime,rewardTime"
session_2024_04_23_1_MAT008,cell1204,0,""
session_2024_04_23_1_MAT008,cell1205,0,""
session_2024_04_23_1_MAT008,cell1206,1,"stimulusOnsetTime"
session_2024_04_23_1_MAT008,cell1207,2,"stimulusOnsetTime,rewardTime"
session_2024_04_23_1_MAT008,cell1208,0,""
session_2024_04_23_1_MAT008,cell1209,0,""
session_2024_04_23_1_MAT008,cell1210,0,""
session_2024_04_23_1_MAT008,cell1211,0,""
session_2024_04_23_1_MAT008,cell1212,1,"stimulusOnsetTime"
session_2024_04_23_1_MAT008,cell1213,0,""
session_2024_04_23_1_MAT008,cell1214,1,"stimulusOnsetTime"
session_2024_04_23_1_MAT008,cell1215,1,"rewardTime"
session_2024_04_23_1_MAT008,cell1216,1,"stimulusOnsetTime"
session_2024_04_23_1_MAT008,cell1217,0,""
session_2024_04_23_1_MAT008,cell1218,0,""
session_2024_04_23_1_MAT008,cell1219,1,"stimulusOnsetTime"
session_2024_04_23_1_MAT008,cell1220,0,""
session_2024_04_23_1_MAT008,cell1221,0,""
session_2024_04_23_1_MAT008,cell1222,2,"stimulusOnsetTime,rewardTime"
session_2024_04_23_1_MAT008,cell1223,0,""
session_2024_04_23_1_MAT008,cell1224,0,""
session_2024_04_23_1_MAT008,cell1225,0,""
session_2024_04_23_1_MAT008,cell1226,0,""
session_2024_04_23_1_MAT008,cell1227,1,"stimulusOnsetTime"
session_2024_04_23_1_MAT008,cell1228,0,""
session_2024_04_23_1_MAT008,cell1229,0,""
session_2024_04_23_1_MAT008,cell1230,0,""
session_2024_04_23_1_MAT008,cell1231,2,"stimulusOnsetTime,rewardTime"
session_2024_04_23_1_MAT008,cell1232,1,"stimulusOnsetTime"
session_2024_04_23_1_MAT008,cell1233,0,""
session_2024_04_23_1_MAT008,cell1234,2,"stimulusOnsetTime,rewardTime"
session_2024_04_23_1_MAT008,cell1235,0,""
session_2024_04_23_1_MAT008,cell1236,1,"stimulusOnsetTime"
session_2024_04_23_1_MAT008,cell1237,0,""
session_2024_04_23_1_MAT008,cell1238,0,""
session_2024_04_23_1_MAT008,cell1239,0,""
session_2024_04_23_1_MAT008,cell1240,0,""
session_2024_04_23_1_MAT008,cell1241,0,""
session_2024_04_23_1_MAT008,cell1242,0,""
session_2024_04_23_1_MAT008,cell1243,1,"stimulusOnsetTime"
session_2024_04_23_1_MAT008,cell1244,1,"stimulusOnsetTime"
session_2024_04_23_1_MAT008,cell1245,1,"stimulusOnsetTime"
session_2024_04_23_1_MAT008,cell1246,1,"stimulusOnsetTime"
session_2024_04_23_1_MAT008,cell1247,2,"stimulusOnsetTime,rewardTime"
session_2024_04_23_1_MAT008,cell1248,1,"stimulusOnsetTime"
session_2024_04_23_1_MAT008,cell1249,0,""
session_2024_04_23_1_MAT008,cell1250,0,""
session_2024_04_23_1_MAT008,cell1251,2,"stimulusOnsetTime,rewardTime"
session_2024_04_23_1_MAT008,cell1252,1,"rewardTime"
session_2024_04_23_1_MAT008,cell1253,0,""
session_2024_04_23_1_MAT008,cell1254,0,""
session_2024_04_23_1_MAT008,cell1255,2,"stimulusOnsetTime,rewardTime"
session_2024_04_23_1_MAT008,cell1256,0,""
session_2024_04_23_1_MAT008,cell1257,0,""
session_2024_04_23_1_MAT008,cell1258,0,""
session_2024_04_23_1_MAT008,cell1259,2,"stimulusOnsetTime,rewardTime"
session_2024_04_23_1_MAT008,cell1260,0,""
session_2024_04_23_1_MAT008,cell1261,0,""
session_2024_04_23_1_MAT008,cell1262,0,""
session_2024_04_23_1_MAT008,cell1263,0,""
session_2024_04_23_1_MAT008,cell1264,0,""
session_2024_04_23_1_MAT008,cell1265,0,""
session_2024_04_23_1_MAT008,cell1266,2,"stimulusOnsetTime,rewardTime"
session_2024_04_23_1_MAT008,cell1267,2,"stimulusOnsetTime,rewardTime"
session_2024_04_23_1_MAT008,cell1268,2,"stimulusOnsetTime,rewardTime"
session_2024_04_23_1_MAT008,cell1269,2,"stimulusOnsetTime,rewardTime"
session_2024_04_23_1_MAT008,cell1270,0,""
session_2024_04_23_1_MAT008,cell1271,2,"stimulusOnsetTime,rewardTime"
session_2024_04_23_1_MAT008,cell1272,0,""
session_2024_04_23_1_MAT008,cell1273,0,""
session_2024_04_23_1_MAT008,cell1274,0,""
session_2024_04_23_1_MAT008,cell1275,0,""
session_2024_04_23_1_MAT008,cell1276,0,""
session_2024_04_23_1_MAT008,cell1277,1,"rewardTime"
session_2024_04_23_1_MAT008,cell1278,0,""
session_2024_04_23_1_MAT008,cell1279,1,"stimulusOnsetTime"
session_2024_04_23_1_MAT008,cell1280,0,""
session_2024_04_23_1_MAT008,cell1281,0,""
session_2024_04_23_1_MAT008,cell1282,2,"stimulusOnsetTime,rewardTime"
session_2024_04_23_1_MAT008,cell1283,0,""
session_2024_04_23_1_MAT008,cell1284,0,""
session_2024_04_23_1_MAT008,cell1285,0,""
session_2024_04_23_1_MAT008,cell1286,0,""
session_2024_04_23_1_MAT008,cell1287,1,"rewardTime"
session_2024_04_23_1_MAT008,cell1288,0,""
session_2024_04_23_1_MAT008,cell1289,2,"stimulusOnsetTime,rewardTime"
session_2024_04_23_1_MAT008,cell1290,2,"stimulusOnsetTime,rewardTime"
session_2024_04_23_1_MAT008,cell1291,2,"stimulusOnsetTime,rewardTime"
session_2024_04_23_1_MAT008,cell1292,1,"rewardTime"
session_2024_04_23_1_MAT008,cell1293,1,"stimulusOnsetTime"
session_2024_04_23_1_MAT008,cell1294,0,""
session_2024_04_23_1_MAT008,cell1295,0,""
session_2024_04_23_1_MAT008,cell1296,0,""
session_2024_04_23_1_MAT008,cell1297,1,"stimulusOnsetTime"
session_2024_04_23_1_MAT008,cell1298,0,""
session_2024_04_23_1_MAT008,cell1299,0,""
session_2024_04_23_1_MAT008,cell1300,0,""
session_2024_04_23_1_MAT008,cell1301,0,""
session_2024_04_23_1_MAT008,cell1302,0,""
session_2024_04_23_1_MAT008,cell1303,0,""
session_2024_04_23_1_MAT008,cell1304,0,""
session_2024_04_23_1_MAT008,cell1305,0,""
session_2024_04_23_1_MAT008,cell1306,0,""
session_2024_04_23_1_MAT008,cell1307,0,""
session_2024_04_23_1_MAT008,cell1308,0,""
session_2024_04_23_1_MAT008,cell1309,1,"stimulusOnsetTime"
session_2024_04_23_1_MAT008,cell1310,0,""
session_2024_04_23_1_MAT008,cell1311,0,""
session_2024_04_23_1_MAT008,cell1312,0,""
session_2024_04_23_1_MAT008,cell1313,0,""
session_2024_04_23_1_MAT008,cell1314,0,""
session_2024_04_23_1_MAT008,cell1315,1,"stimulusOnsetTime"
session_2024_04_23_1_MAT008,cell1316,1,"rewardTime"
session_2024_04_23_1_MAT008,cell1317,2,"stimulusOnsetTime,rewardTime"
session_2024_04_23_1_MAT008,cell1318,0,""
session_2024_04_23_1_MAT008,cell1319,1,"stimulusOnsetTime"
session_2024_04_23_1_MAT008,cell1320,2,"stimulusOnsetTime,rewardTime"
session_2024_04_23_1_MAT008,cell1321,2,"stimulusOnsetTime,rewardTime"
session_2024_04_23_1_MAT008,cell1322,1,"stimulusOnsetTime"
session_2024_04_23_1_MAT008,cell1323,1,"rewardTime"
session_2024_04_23_1_MAT008,cell1324,0,""
session_2024_04_23_1_MAT008,cell1325,0,""
session_2024_04_23_1_MAT008,cell1326,2,"stimulusOnsetTime,rewardTime"
session_2024_04_23_1_MAT008,cell1327,0,""
session_2024_04_23_1_MAT008,cell1328,1,"stimulusOnsetTime"
session_2024_04_23_1_MAT008,cell1329,0,""
session_2024_04_23_1_MAT008,cell1330,0,""
session_2024_04_23_1_MAT008,cell1331,0,""
session_2024_04_23_1_MAT008,cell1332,1,"rewardTime"
session_2024_04_23_1_MAT008,cell1333,0,""
session_2024_04_23_1_MAT008,cell1334,2,"stimulusOnsetTime,rewardTime"
session_2024_04_23_1_MAT008,cell1335,0,""
session_2024_04_23_1_MAT008,cell1336,2,"stimulusOnsetTime,rewardTime"
session_2024_04_23_1_MAT008,cell1337,2,"stimulusOnsetTime,rewardTime"
session_2024_04_23_1_MAT008,cell1338,2,"stimulusOnsetTime,rewardTime"
session_2024_04_23_1_MAT008,cell1339,2,"stimulusOnsetTime,rewardTime"
session_2024_04_23_1_MAT008,cell1340,1,"stimulusOnsetTime"
session_2024_04_23_1_MAT008,cell1341,2,"stimulusOnsetTime,rewardTime"
session_2024_04_23_1_MAT008,cell1342,1,"rewardTime"
session_2024_04_23_1_MAT008,cell1343,2,"stimulusOnsetTime,rewardTime"
session_2024_04_23_1_MAT008,cell1344,2,"stimulusOnsetTime,rewardTime"
session_2024_04_23_1_MAT008,cell1345,0,""
session_2024_04_23_1_MAT008,cell1346,0,""
session_2024_04_23_1_MAT008,cell1347,2,"stimulusOnsetTime,rewardTime"
session_2024_04_23_1_MAT008,cell1348,2,"stimulusOnsetTime,rewardTime"
session_2024_04_23_1_MAT008,cell1349,2,"stimulusOnsetTime,rewardTime"
session_2024_04_23_1_MAT008,cell1350,1,"stimulusOnsetTime"
